Experiment,Seed,Pure_TabPFN,BaselineHead,LargeBaselineHead,KGHead_real,KGHead_permuted,KGHead_random,TabPFN_Time,Baseline_Time,LargeBaseline_Time,KGHead_Time,KGHead_permuted_Time,KGHead_random_Time,Repr_Extract_Time,KG_real_minus_Baseline,KG_real_minus_KG_permuted
Tr40_Ft50_Cp2,0,0.876,0.838,0.84,0.822,0.82,0.828,1.1615118980407715,0.19369816780090332,0.3621077537536621,0.5811808109283447,0.5390899181365967,0.5530359745025635,1.3401930332183838,-0.016000000000000014,0.0020000000000000018
Tr40_Ft50_Cp2,1,0.896,0.886,0.882,0.892,0.892,0.896,0.5676679611206055,0.16501832008361816,0.3116750717163086,0.5840620994567871,0.5900497436523438,0.5499370098114014,1.4958231449127197,0.006000000000000005,0.0
Tr40_Ft50_Cp2,2,0.888,0.868,0.882,0.882,0.878,0.872,0.5792677402496338,0.24348711967468262,0.3096039295196533,0.5218639373779297,0.5363991260528564,0.5281898975372314,1.356342077255249,0.014000000000000012,0.0040000000000000036
Tr40_Ft50_Cp2,3,0.904,0.914,0.924,0.912,0.904,0.888,0.5395538806915283,0.17270684242248535,0.2734520435333252,0.5355839729309082,0.5506432056427002,0.5361709594726562,1.3843181133270264,-0.0020000000000000018,0.008000000000000007
Tr40_Ft50_Cp2,4,0.91,0.904,0.902,0.9,0.878,0.868,0.5521852970123291,0.162811279296875,0.33039212226867676,0.5868637561798096,0.5437653064727783,0.5502383708953857,1.421510934829712,-0.0040000000000000036,0.02200000000000002
Tr40_Ft50_Cp2,5,0.842,0.836,0.838,0.834,0.826,0.804,0.5321030616760254,0.1680281162261963,0.2940540313720703,0.568763017654419,0.5669760704040527,0.5732769966125488,1.3501648902893066,-0.0020000000000000018,0.008000000000000007
Tr40_Ft50_Cp2,6,0.79,0.76,0.756,0.784,0.752,0.728,0.5869250297546387,0.1938800811767578,0.3544139862060547,0.5778248310089111,0.5879240036010742,0.5708761215209961,1.3754119873046875,0.02400000000000002,0.03200000000000003
Tr40_Ft50_Cp2,7,0.832,0.826,0.822,0.846,0.848,0.81,0.4944877624511719,0.20007109642028809,0.3573758602142334,0.6366522312164307,0.581660270690918,0.568845272064209,1.4849762916564941,0.020000000000000018,-0.0020000000000000018
Tr40_Ft50_Cp2,8,0.878,0.868,0.87,0.888,0.872,0.852,0.5730409622192383,0.16033220291137695,0.39689183235168457,0.5713741779327393,0.5976667404174805,0.5770168304443359,1.440711259841919,0.020000000000000018,0.016000000000000014
Tr40_Ft50_Cp2,9,0.892,0.86,0.856,0.85,0.83,0.852,0.5523767471313477,0.21046900749206543,0.3403770923614502,0.5896201133728027,0.5350000858306885,0.5460269451141357,1.3364942073822021,-0.010000000000000009,0.020000000000000018
Tr40_Ft50_Cp2,10,0.918,0.882,0.868,0.91,0.904,0.916,0.6668541431427002,0.16460609436035156,0.3352959156036377,0.640657901763916,0.5529129505157471,0.5979561805725098,1.4479990005493164,0.028000000000000025,0.006000000000000005
Tr40_Ft50_Cp2,11,0.916,0.868,0.862,0.864,0.886,0.866,0.7740190029144287,0.17141294479370117,0.32003211975097656,0.5113072395324707,0.5050890445709229,0.5188400745391846,1.4331121444702148,-0.0040000000000000036,-0.02200000000000002
Tr40_Ft50_Cp2,12,0.862,0.866,0.866,0.85,0.856,0.832,0.6096580028533936,0.21294593811035156,0.35891103744506836,0.583737850189209,0.5587918758392334,0.5596098899841309,1.4110338687896729,-0.016000000000000014,-0.006000000000000005
Tr40_Ft50_Cp2,13,0.878,0.862,0.854,0.896,0.866,0.86,0.6119370460510254,0.18175101280212402,0.3325209617614746,0.5579919815063477,0.5290281772613525,0.5317509174346924,1.7981231212615967,0.03400000000000003,0.030000000000000027
Tr40_Ft50_Cp2,14,0.866,0.856,0.852,0.888,0.894,0.874,0.5872921943664551,0.1767280101776123,0.32320594787597656,0.5155298709869385,0.5138599872589111,0.5051090717315674,1.5014967918395996,0.03200000000000003,-0.006000000000000005
Tr40_Ft50_Cp2,15,0.896,0.92,0.924,0.918,0.91,0.902,0.6219449043273926,0.17019391059875488,0.35062289237976074,0.6153993606567383,0.6143200397491455,0.5756940841674805,1.4387240409851074,-0.0020000000000000018,0.008000000000000007
Tr40_Ft50_Cp2,16,0.886,0.904,0.878,0.916,0.906,0.92,0.6074678897857666,0.1877758502960205,0.31587672233581543,0.5413250923156738,0.6056649684906006,0.620589017868042,1.941965103149414,0.01200000000000001,0.010000000000000009
Tr40_Ft50_Cp2,17,0.884,0.892,0.868,0.88,0.902,0.856,0.6813628673553467,0.24129509925842285,0.35225605964660645,0.6408329010009766,0.4869859218597412,0.5524158477783203,1.7691349983215332,-0.01200000000000001,-0.02200000000000002
Tr40_Ft50_Cp2,18,0.91,0.906,0.906,0.924,0.9,0.876,0.7522728443145752,0.25721311569213867,0.3469240665435791,0.6066880226135254,0.6691427230834961,0.5474269390106201,1.4226059913635254,0.018000000000000016,0.02400000000000002
Tr40_Ft50_Cp2,19,0.888,0.878,0.872,0.906,0.888,0.86,0.7115700244903564,0.2553441524505615,0.34218406677246094,0.5205540657043457,0.6819720268249512,0.5807628631591797,1.7724478244781494,0.028000000000000025,0.018000000000000016
Tr40_Ft50_Cp6,0,0.738,0.798,0.804,0.742,0.74,0.748,0.6671178340911865,0.2762339115142822,0.334979772567749,0.6769092082977295,0.567234992980957,0.5852186679840088,1.3743360042572021,-0.05600000000000005,0.0020000000000000018
Tr40_Ft50_Cp6,1,0.812,0.812,0.794,0.782,0.81,0.752,0.6630442142486572,0.27127504348754883,0.465864896774292,0.7835338115692139,0.6454668045043945,0.6583340167999268,1.651947021484375,-0.030000000000000027,-0.028000000000000025
Tr40_Ft50_Cp6,2,0.8,0.806,0.804,0.794,0.712,0.706,0.7243571281433105,0.21323871612548828,0.34493112564086914,0.5309829711914062,0.5363278388977051,0.5467321872711182,1.4930739402770996,-0.01200000000000001,0.08200000000000007
Tr40_Ft50_Cp6,3,0.856,0.82,0.836,0.822,0.832,0.806,0.6594319343566895,0.17088723182678223,0.3130061626434326,0.5196359157562256,0.5023560523986816,0.528397798538208,1.5527622699737549,0.0020000000000000018,-0.010000000000000009
Tr40_Ft50_Cp6,4,0.76,0.786,0.786,0.798,0.77,0.758,0.5970370769500732,0.25270891189575195,0.35515379905700684,0.5868380069732666,0.5625,0.5650880336761475,1.5098440647125244,0.01200000000000001,0.028000000000000025
Tr40_Ft50_Cp6,5,0.79,0.692,0.706,0.67,0.698,0.69,0.653641939163208,0.18454408645629883,0.44377708435058594,0.5349738597869873,0.4784228801727295,0.49254488945007324,1.6265459060668945,-0.02199999999999991,-0.027999999999999914
Tr40_Ft50_Cp6,6,0.768,0.744,0.728,0.738,0.742,0.738,0.6138420104980469,0.20207524299621582,0.34918212890625,0.5689308643341064,0.5266249179840088,0.539625883102417,1.419356346130371,-0.006000000000000005,-0.0040000000000000036
Tr40_Ft50_Cp6,7,0.876,0.814,0.81,0.83,0.824,0.82,0.5791010856628418,0.20656394958496094,0.3638160228729248,0.6081516742706299,0.6448459625244141,0.4907708168029785,1.5066020488739014,0.016000000000000014,0.006000000000000005
Tr40_Ft50_Cp6,8,0.77,0.786,0.78,0.736,0.764,0.736,0.6578350067138672,0.2061018943786621,0.3330059051513672,0.5498931407928467,0.5375251770019531,0.5429890155792236,1.579252004623413,-0.050000000000000044,-0.028000000000000025
Tr40_Ft50_Cp6,9,0.774,0.746,0.74,0.748,0.746,0.748,0.6574110984802246,0.18333911895751953,0.33044910430908203,0.5667591094970703,0.5308482646942139,0.5418570041656494,1.5916509628295898,0.0020000000000000018,0.0020000000000000018
Tr40_Ft50_Cp6,10,0.774,0.748,0.744,0.766,0.78,0.788,0.635270357131958,0.18155980110168457,0.3705568313598633,0.6083271503448486,0.6410272121429443,0.6357932090759277,1.518481731414795,0.018000000000000016,-0.014000000000000012
Tr40_Ft50_Cp6,11,0.714,0.712,0.706,0.708,0.712,0.722,0.5909607410430908,0.21938800811767578,0.3635120391845703,0.5752792358398438,0.5458800792694092,0.5441961288452148,1.7400782108306885,-0.0040000000000000036,-0.0040000000000000036
Tr40_Ft50_Cp6,12,0.758,0.738,0.732,0.764,0.758,0.738,0.6365880966186523,0.2031087875366211,0.34627318382263184,0.6177000999450684,0.5600738525390625,0.6256399154663086,1.8060028553009033,0.026000000000000023,0.006000000000000005
Tr40_Ft50_Cp6,13,0.82,0.748,0.76,0.722,0.714,0.754,0.6773478984832764,0.1904618740081787,0.34407973289489746,0.5849039554595947,0.605640172958374,0.5393049716949463,1.5823049545288086,-0.026000000000000023,0.008000000000000007
Tr40_Ft50_Cp6,14,0.772,0.816,0.822,0.75,0.792,0.74,0.6373789310455322,0.17435097694396973,0.32561302185058594,0.5244920253753662,0.5165009498596191,0.5092699527740479,1.6545679569244385,-0.06599999999999995,-0.04200000000000004
Tr40_Ft50_Cp6,15,0.766,0.724,0.72,0.684,0.686,0.688,0.6957719326019287,0.17711210250854492,0.33412909507751465,0.555413007736206,0.5092008113861084,0.5104451179504395,1.4030652046203613,-0.039999999999999925,-0.0020000000000000018
Tr40_Ft50_Cp6,16,0.822,0.816,0.816,0.812,0.814,0.814,0.6673669815063477,0.18285918235778809,0.3585469722747803,0.5842769145965576,0.5944750308990479,0.5650229454040527,1.4853732585906982,-0.0039999999999998925,-0.0019999999999998908
Tr40_Ft50_Cp6,17,0.8,0.794,0.792,0.786,0.81,0.802,0.5751931667327881,0.22629404067993164,0.4087061882019043,0.5528502464294434,0.581240177154541,0.5788900852203369,1.5547468662261963,-0.008000000000000007,-0.02400000000000002
Tr40_Ft50_Cp6,18,0.72,0.76,0.758,0.678,0.708,0.666,1.0162620544433594,0.22867798805236816,0.35405588150024414,0.5929570198059082,0.5977718830108643,0.5844058990478516,1.7481539249420166,-0.08199999999999996,-0.029999999999999916
Tr40_Ft50_Cp6,19,0.768,0.718,0.722,0.726,0.708,0.676,0.8461780548095703,0.18016314506530762,0.3369741439819336,0.597693920135498,0.6183381080627441,0.5872540473937988,1.6829209327697754,0.008000000000000007,0.018000000000000016
Tr40_Ft50_Cp20,0,0.7,0.666,0.648,0.56,0.598,0.564,0.7022740840911865,0.25684595108032227,0.3573648929595947,0.5841121673583984,0.5527701377868652,0.6114528179168701,1.5990619659423828,-0.10599999999999998,-0.03799999999999992
Tr40_Ft50_Cp20,1,0.654,0.65,0.65,0.612,0.65,0.632,0.6424572467803955,0.21967387199401855,0.40561723709106445,0.6344530582427979,0.5947372913360596,0.5848257541656494,1.6669330596923828,-0.038000000000000034,-0.038000000000000034
Tr40_Ft50_Cp20,2,0.624,0.518,0.524,0.512,0.518,0.514,0.6617720127105713,0.20421719551086426,0.34661102294921875,0.6045560836791992,0.5934503078460693,0.5673482418060303,1.631988286972046,-0.006000000000000005,-0.006000000000000005
Tr40_Ft50_Cp20,3,0.694,0.612,0.612,0.642,0.604,0.594,0.6839559078216553,0.25388169288635254,0.43796873092651367,0.6863760948181152,0.6191849708557129,0.6235511302947998,1.5855891704559326,0.030000000000000027,0.038000000000000034
Tr40_Ft50_Cp20,4,0.726,0.64,0.568,0.586,0.58,0.664,0.6603178977966309,0.18457603454589844,0.4217531681060791,0.7096719741821289,0.6910219192504883,0.6771080493927002,1.692199945449829,-0.05400000000000005,0.006000000000000005
Tr40_Ft50_Cp20,5,0.746,0.702,0.688,0.61,0.626,0.642,0.684643030166626,0.22231411933898926,0.4430348873138428,0.6693029403686523,0.6973559856414795,0.647629976272583,1.5905311107635498,-0.09199999999999997,-0.016000000000000014
Tr40_Ft50_Cp20,6,0.72,0.566,0.56,0.556,0.528,0.544,0.7028801441192627,0.20138096809387207,0.373948335647583,0.6115152835845947,0.6289229393005371,0.6327447891235352,1.511929988861084,-0.009999999999999898,0.028000000000000025
Tr40_Ft50_Cp20,7,0.742,0.72,0.724,0.732,0.734,0.734,0.610015869140625,0.209672212600708,0.42055392265319824,0.7365686893463135,0.758558988571167,0.7193200588226318,1.7007050514221191,0.01200000000000001,-0.0020000000000000018
Tr40_Ft50_Cp20,8,0.686,0.63,0.644,0.596,0.578,0.602,0.6022138595581055,0.2251582145690918,0.3482849597930908,0.5105569362640381,0.5471067428588867,0.7026641368865967,1.6541669368743896,-0.03400000000000003,0.018000000000000016
Tr40_Ft50_Cp20,9,0.714,0.75,0.73,0.7,0.718,0.64,0.6299171447753906,0.22579598426818848,0.30939292907714844,0.5358541011810303,0.5487160682678223,0.5548527240753174,1.7457540035247803,-0.050000000000000044,-0.018000000000000016
Tr40_Ft50_Cp20,10,0.698,0.66,0.638,0.602,0.572,0.632,0.7555460929870605,0.25710391998291016,0.4482271671295166,0.6038339138031006,0.6172990798950195,0.6055469512939453,1.9192698001861572,-0.05800000000000005,0.030000000000000027
Tr40_Ft50_Cp20,11,0.618,0.592,0.594,0.604,0.592,0.61,0.7247490882873535,0.19400596618652344,0.36524415016174316,0.6036968231201172,0.5807032585144043,0.6054699420928955,1.7679569721221924,0.01200000000000001,0.01200000000000001
Tr40_Ft50_Cp20,12,0.7,0.608,0.616,0.568,0.548,0.56,0.7291820049285889,0.2186288833618164,0.3838341236114502,0.6231741905212402,0.6350908279418945,0.5478861331939697,1.6592540740966797,-0.040000000000000036,0.019999999999999907
Tr40_Ft50_Cp20,13,0.704,0.598,0.602,0.582,0.594,0.58,0.6479580402374268,0.2120378017425537,0.38610100746154785,0.647697925567627,0.5988740921020508,0.6110789775848389,1.7450921535491943,-0.016000000000000014,-0.01200000000000001
Tr40_Ft50_Cp20,14,0.614,0.658,0.654,0.582,0.676,0.604,0.6018731594085693,0.25968194007873535,0.4272439479827881,0.673457145690918,0.6515247821807861,0.6266801357269287,1.515631914138794,-0.07600000000000007,-0.09400000000000008
Tr40_Ft50_Cp20,15,0.684,0.63,0.64,0.654,0.662,0.642,0.6231317520141602,0.2118968963623047,0.48917722702026367,0.573570966720581,0.5683770179748535,0.6890261173248291,1.5833930969238281,0.02400000000000002,-0.008000000000000007
Tr40_Ft50_Cp20,16,0.704,0.662,0.662,0.66,0.674,0.68,0.7430012226104736,0.20604634284973145,0.40951013565063477,0.600743293762207,0.6023080348968506,0.5819370746612549,1.894956111907959,-0.0020000000000000018,-0.014000000000000012
Tr40_Ft50_Cp20,17,0.696,0.626,0.63,0.648,0.64,0.64,0.6646921634674072,0.1898670196533203,0.3070859909057617,0.5413281917572021,0.5048620700836182,0.477276086807251,1.6322729587554932,0.02200000000000002,0.008000000000000007
Tr40_Ft50_Cp20,18,0.714,0.694,0.68,0.69,0.7,0.672,0.6581230163574219,0.2094571590423584,0.38616490364074707,0.6888258457183838,0.6574342250823975,0.6507580280303955,1.592283010482788,-0.0040000000000000036,-0.010000000000000009
Tr40_Ft50_Cp20,19,0.63,0.474,0.464,0.484,0.528,0.5,0.6157891750335693,0.21045303344726562,0.37238121032714844,0.5887649059295654,0.5964441299438477,0.5861420631408691,1.90570068359375,0.010000000000000009,-0.04400000000000004
Tr40_Ft200_Cp2,0,0.858,0.864,0.876,0.91,0.904,0.826,2.0485429763793945,0.20424294471740723,0.36040496826171875,0.8237051963806152,0.7923510074615479,0.8082940578460693,4.504702091217041,0.04600000000000004,0.006000000000000005
Tr40_Ft200_Cp2,1,0.928,0.918,0.922,0.924,0.916,0.918,2.164644956588745,0.21210908889770508,0.35939812660217285,0.8378708362579346,0.817141056060791,0.7663578987121582,4.424700975418091,0.006000000000000005,0.008000000000000007
Tr40_Ft200_Cp2,2,0.936,0.942,0.946,0.936,0.94,0.918,2.107048988342285,0.20585012435913086,0.34536290168762207,0.8130497932434082,0.8094980716705322,0.7718729972839355,4.6131062507629395,-0.005999999999999894,-0.0039999999999998925
Tr40_Ft200_Cp2,3,0.892,0.916,0.916,0.88,0.942,0.86,2.130429983139038,0.1761620044708252,0.34963417053222656,0.7819700241088867,0.7994370460510254,0.7713217735290527,4.584321022033691,-0.03600000000000003,-0.061999999999999944
Tr40_Ft200_Cp2,4,0.872,0.89,0.88,0.878,0.898,0.894,2.2918930053710938,0.1729450225830078,0.30810093879699707,0.7977800369262695,0.8019688129425049,0.7459120750427246,4.331315994262695,-0.01200000000000001,-0.020000000000000018
Tr40_Ft200_Cp2,5,0.91,0.764,0.762,0.884,0.91,0.844,2.2172958850860596,0.19096994400024414,0.33931875228881836,0.7924249172210693,0.7887609004974365,0.7639269828796387,4.492434024810791,0.12,-0.026000000000000023
Tr40_Ft200_Cp2,6,0.902,0.906,0.91,0.918,0.912,0.92,2.197835922241211,0.2426140308380127,0.36853575706481934,0.8648848533630371,0.7780158519744873,0.7983908653259277,4.394895076751709,0.01200000000000001,0.006000000000000005
Tr40_Ft200_Cp2,7,0.912,0.918,0.916,0.938,0.92,0.908,2.211008071899414,0.2859609127044678,0.3371620178222656,0.8755450248718262,0.8209090232849121,0.8668739795684814,4.745984077453613,0.019999999999999907,0.017999999999999905
Tr40_Ft200_Cp2,8,0.918,0.93,0.928,0.916,0.938,0.924,2.2190611362457275,0.17471694946289062,0.3296499252319336,0.8316609859466553,0.8595080375671387,0.8334457874298096,5.088488817214966,-0.014000000000000012,-0.02199999999999991
Tr40_Ft200_Cp2,9,0.91,0.902,0.908,0.896,0.914,0.896,2.3164479732513428,0.1905510425567627,0.3223609924316406,0.9224610328674316,0.7927911281585693,0.8176319599151611,4.489391088485718,-0.006000000000000005,-0.018000000000000016
Tr40_Ft200_Cp2,10,0.886,0.884,0.89,0.898,0.892,0.89,2.2823801040649414,0.2020258903503418,0.3732948303222656,0.9044070243835449,0.8939940929412842,0.8794717788696289,4.778126001358032,0.014000000000000012,0.006000000000000005
Tr40_Ft200_Cp2,11,0.926,0.914,0.906,0.932,0.924,0.908,2.245199680328369,0.19139695167541504,0.33968615531921387,0.9345250129699707,0.8890721797943115,0.8729748725891113,4.852997303009033,0.018000000000000016,0.008000000000000007
Tr40_Ft200_Cp2,12,0.914,0.924,0.926,0.914,0.938,0.92,2.2420339584350586,0.17500710487365723,0.3047046661376953,0.7806370258331299,0.7893760204315186,0.7557001113891602,4.170533180236816,-0.010000000000000009,-0.02399999999999991
Tr40_Ft200_Cp2,13,0.89,0.888,0.884,0.888,0.884,0.884,2.266583204269409,0.1933269500732422,0.35387492179870605,0.8761956691741943,0.7907710075378418,0.8063201904296875,4.503384113311768,0.0,0.0040000000000000036
Tr40_Ft200_Cp2,14,0.854,0.85,0.852,0.896,0.852,0.836,2.2339351177215576,0.209763765335083,0.3298971652984619,0.8197550773620605,0.7949440479278564,0.7864260673522949,4.314156770706177,0.04600000000000004,0.04400000000000004
Tr40_Ft200_Cp2,15,0.912,0.88,0.88,0.91,0.856,0.866,2.1249520778656006,0.18088483810424805,0.40717196464538574,0.8603570461273193,0.8071496486663818,0.8915338516235352,5.207550048828125,0.030000000000000027,0.05400000000000005
Tr40_Ft200_Cp2,16,0.896,0.9,0.902,0.892,0.89,0.882,2.565786123275757,0.20202279090881348,0.3369760513305664,0.767733097076416,0.7573099136352539,0.801243782043457,4.6173179149627686,-0.008000000000000007,0.0020000000000000018
Tr40_Ft200_Cp2,17,0.924,0.83,0.828,0.862,0.868,0.882,2.238083839416504,0.17252111434936523,0.365980863571167,1.040330171585083,0.9000608921051025,0.8264021873474121,4.710978031158447,0.03200000000000003,-0.006000000000000005
Tr40_Ft200_Cp2,18,0.856,0.886,0.89,0.844,0.854,0.848,2.3233940601348877,0.1972501277923584,0.3619849681854248,0.8700108528137207,0.8066880702972412,0.8038468360900879,4.741566896438599,-0.04200000000000004,-0.010000000000000009
Tr40_Ft200_Cp2,19,0.874,0.904,0.9,0.9,0.898,0.9,2.386047840118408,0.20364809036254883,0.34154176712036133,0.7741820812225342,0.7560391426086426,0.7633059024810791,4.379799842834473,-0.0040000000000000036,0.0020000000000000018
Tr40_Ft200_Cp6,0,0.75,0.732,0.74,0.758,0.756,0.754,1.9820449352264404,0.21730518341064453,0.44601917266845703,1.037187099456787,1.0559289455413818,0.9354081153869629,4.0109710693359375,0.026000000000000023,0.0020000000000000018
Tr40_Ft200_Cp6,1,0.794,0.788,0.812,0.79,0.74,0.786,2.2101759910583496,0.19309496879577637,0.37676286697387695,0.8471977710723877,0.8780369758605957,0.8545351028442383,4.374716281890869,0.0020000000000000018,0.050000000000000044
Tr40_Ft200_Cp6,2,0.796,0.75,0.69,0.77,0.768,0.748,2.2512340545654297,0.23247122764587402,0.4869668483734131,1.0027318000793457,0.9921610355377197,0.9180738925933838,4.264851093292236,0.020000000000000018,0.0020000000000000018
Tr40_Ft200_Cp6,3,0.792,0.788,0.778,0.796,0.768,0.796,2.1601948738098145,0.21104001998901367,0.3785829544067383,0.8933131694793701,0.8270697593688965,0.8233599662780762,4.214583158493042,0.008000000000000007,0.028000000000000025
Tr40_Ft200_Cp6,4,0.792,0.792,0.798,0.834,0.814,0.798,2.1092827320098877,0.21237611770629883,0.4732542037963867,1.0509581565856934,0.9993751049041748,0.9413776397705078,4.225501298904419,0.041999999999999926,0.020000000000000018
Tr40_Ft200_Cp6,5,0.858,0.652,0.654,0.81,0.772,0.794,2.106290102005005,0.16876697540283203,0.36220312118530273,0.8111600875854492,0.8012399673461914,0.7919321060180664,4.196604013442993,0.15800000000000003,0.038000000000000034
Tr40_Ft200_Cp6,6,0.814,0.724,0.732,0.768,0.738,0.75,2.1154139041900635,0.19864511489868164,0.41388583183288574,0.8850438594818115,0.8389568328857422,0.7625541687011719,4.3568620681762695,0.04400000000000004,0.030000000000000027
Tr40_Ft200_Cp6,7,0.82,0.824,0.824,0.778,0.834,0.802,2.058152914047241,0.2149977684020996,0.3843650817871094,0.8176958560943604,0.7565751075744629,0.7552218437194824,4.1416099071502686,-0.04599999999999993,-0.05599999999999994
Tr40_Ft200_Cp6,8,0.824,0.818,0.81,0.794,0.822,0.786,2.35011887550354,0.17224979400634766,0.3735332489013672,0.9166140556335449,0.862307071685791,0.9074747562408447,4.362951040267944,-0.02399999999999991,-0.027999999999999914
Tr40_Ft200_Cp6,9,0.778,0.756,0.752,0.708,0.708,0.704,2.2787728309631348,0.2168431282043457,0.38664984703063965,0.9775369167327881,0.9139101505279541,0.9601871967315674,4.493686199188232,-0.04800000000000004,0.0
Tr40_Ft200_Cp6,10,0.778,0.75,0.74,0.762,0.782,0.76,2.1219069957733154,0.20591998100280762,0.4387040138244629,0.9960441589355469,0.8385348320007324,0.8899500370025635,4.426675081253052,0.01200000000000001,-0.020000000000000018
Tr40_Ft200_Cp6,11,0.748,0.732,0.744,0.782,0.784,0.75,2.2062740325927734,0.19777321815490723,0.3740410804748535,0.8850359916687012,0.7984890937805176,0.8404443264007568,4.2605462074279785,0.050000000000000044,-0.0020000000000000018
Tr40_Ft200_Cp6,12,0.782,0.804,0.796,0.79,0.788,0.75,2.14037823677063,0.18198299407958984,0.3144690990447998,0.8435409069061279,0.8089168071746826,0.8418097496032715,4.409904956817627,-0.014000000000000012,0.0020000000000000018
Tr40_Ft200_Cp6,13,0.794,0.804,0.8,0.788,0.782,0.754,2.33739972114563,0.22005510330200195,0.389117956161499,0.9089369773864746,0.8918139934539795,0.8088152408599854,4.397018194198608,-0.016000000000000014,0.006000000000000005
Tr40_Ft200_Cp6,14,0.83,0.78,0.786,0.796,0.752,0.768,2.069593906402588,0.207686185836792,0.37026214599609375,0.837838888168335,0.8636682033538818,0.7994239330291748,4.27651309967041,0.016000000000000014,0.04400000000000004
Tr40_Ft200_Cp6,15,0.846,0.852,0.852,0.856,0.85,0.872,2.0920209884643555,0.17727208137512207,0.3345670700073242,0.9756202697753906,0.978827953338623,0.9268019199371338,4.198845863342285,0.0040000000000000036,0.006000000000000005
Tr40_Ft200_Cp6,16,0.842,0.864,0.872,0.844,0.834,0.804,2.033665895462036,0.18060994148254395,0.3602299690246582,0.8256292343139648,0.7767257690429688,0.7861566543579102,4.65276312828064,-0.020000000000000018,0.010000000000000009
Tr40_Ft200_Cp6,17,0.766,0.786,0.778,0.772,0.762,0.746,2.1384570598602295,0.21009373664855957,0.3568742275238037,0.7891871929168701,0.7672929763793945,0.8063783645629883,4.3562939167022705,-0.014000000000000012,0.010000000000000009
Tr40_Ft200_Cp6,18,0.808,0.852,0.842,0.824,0.812,0.804,2.028623104095459,0.20012712478637695,0.3673677444458008,0.9746608734130859,0.8782804012298584,0.8916962146759033,4.31819486618042,-0.028000000000000025,0.0119999999999999
Tr40_Ft200_Cp6,19,0.808,0.776,0.768,0.788,0.82,0.824,1.928786039352417,0.18190884590148926,0.3223700523376465,0.8017840385437012,0.8234519958496094,0.7701370716094971,4.490548133850098,0.01200000000000001,-0.03199999999999992
Tr40_Ft200_Cp20,0,0.672,0.632,0.634,0.676,0.654,0.672,2.1830530166625977,0.2311561107635498,0.3956160545349121,0.9523649215698242,0.9370098114013672,0.8261618614196777,4.693120002746582,0.04400000000000004,0.02200000000000002
Tr40_Ft200_Cp20,1,0.636,0.486,0.482,0.546,0.578,0.508,2.097358226776123,0.18347501754760742,0.3376781940460205,0.8270258903503418,0.8581030368804932,0.8361740112304688,4.34498405456543,0.06000000000000005,-0.03199999999999992
Tr40_Ft200_Cp20,2,0.636,0.644,0.654,0.638,0.634,0.632,2.3186469078063965,0.20744776725769043,0.40540480613708496,0.9085502624511719,0.8050148487091064,0.7858932018280029,4.7925169467926025,-0.006000000000000005,0.0040000000000000036
Tr40_Ft200_Cp20,3,0.566,0.412,0.406,0.43,0.438,0.424,2.144860029220581,0.1987769603729248,0.3520379066467285,0.8648569583892822,0.7898588180541992,0.7603251934051514,4.366851091384888,0.018000000000000016,-0.008000000000000007
Tr40_Ft200_Cp20,4,0.602,0.598,0.606,0.616,0.596,0.63,2.1658120155334473,0.16498398780822754,0.3905341625213623,0.9496569633483887,0.8605680465698242,0.7864570617675781,4.311234951019287,0.018000000000000016,0.020000000000000018
Tr40_Ft200_Cp20,5,0.698,0.626,0.654,0.62,0.638,0.616,2.067096710205078,0.1865689754486084,0.4011199474334717,0.9008488655090332,0.7938330173492432,0.839076042175293,4.540441036224365,-0.006000000000000005,-0.018000000000000016
Tr40_Ft200_Cp20,6,0.686,0.628,0.614,0.648,0.578,0.634,2.388310670852661,0.220717191696167,0.3997611999511719,0.961359977722168,0.8434550762176514,0.7380342483520508,4.2383131980896,0.020000000000000018,0.07000000000000006
Tr40_Ft200_Cp20,7,0.722,0.692,0.69,0.694,0.636,0.644,2.1515321731567383,0.20129919052124023,0.3689858913421631,0.8616647720336914,0.823293924331665,0.8337979316711426,4.312392950057983,0.0020000000000000018,0.05799999999999994
Tr40_Ft200_Cp20,8,0.694,0.622,0.632,0.652,0.654,0.68,1.9140973091125488,0.1776888370513916,0.2958102226257324,0.7833168506622314,0.7960879802703857,0.8440067768096924,4.090925693511963,0.030000000000000027,-0.0020000000000000018
Tr40_Ft200_Cp20,9,0.704,0.746,0.77,0.596,0.704,0.654,2.234480142593384,0.22545409202575684,0.3998432159423828,1.0375781059265137,0.8841500282287598,0.7808818817138672,4.212250709533691,-0.15000000000000002,-0.10799999999999998
Tr40_Ft200_Cp20,10,0.69,0.706,0.696,0.606,0.64,0.614,1.9878528118133545,0.22688817977905273,0.4515409469604492,1.008234977722168,0.8710143566131592,0.7905449867248535,4.32451605796814,-0.09999999999999998,-0.03400000000000003
Tr40_Ft200_Cp20,11,0.736,0.548,0.566,0.59,0.554,0.532,2.1923987865448,0.21657085418701172,0.4066288471221924,0.8537108898162842,0.8711488246917725,0.8352358341217041,4.3105010986328125,0.041999999999999926,0.03599999999999992
Tr40_Ft200_Cp20,12,0.732,0.59,0.594,0.648,0.672,0.648,2.0913522243499756,0.2041339874267578,0.3513453006744385,0.9023468494415283,0.8855130672454834,0.8724160194396973,4.412450790405273,0.05800000000000005,-0.02400000000000002
Tr40_Ft200_Cp20,13,0.662,0.644,0.636,0.652,0.626,0.636,2.2207682132720947,0.1822490692138672,0.33832287788391113,0.7860920429229736,0.7942490577697754,0.7468080520629883,4.108242988586426,0.008000000000000007,0.026000000000000023
Tr40_Ft200_Cp20,14,0.726,0.678,0.682,0.682,0.74,0.71,2.1484220027923584,0.19892191886901855,0.37787294387817383,0.8402791023254395,0.9938759803771973,0.855452299118042,4.415226697921753,0.0040000000000000036,-0.05799999999999994
Tr40_Ft200_Cp20,15,0.672,0.666,0.682,0.69,0.71,0.692,2.1325080394744873,0.205596923828125,0.4020228385925293,0.9529640674591064,0.9159820079803467,0.8931162357330322,4.464529991149902,0.02399999999999991,-0.020000000000000018
Tr40_Ft200_Cp20,16,0.708,0.66,0.66,0.714,0.672,0.7,2.125901937484741,0.19446015357971191,0.3470289707183838,0.7748067378997803,0.8102278709411621,0.7733712196350098,4.27697491645813,0.05399999999999994,0.041999999999999926
Tr40_Ft200_Cp20,17,0.682,0.67,0.668,0.638,0.662,0.63,2.013875961303711,0.22250890731811523,0.40639328956604004,0.9393911361694336,0.8343009948730469,0.8605091571807861,4.777559995651245,-0.03200000000000003,-0.02400000000000002
Tr40_Ft200_Cp20,18,0.662,0.616,0.598,0.562,0.58,0.582,2.1297481060028076,0.1929030418395996,0.3347048759460449,0.8877172470092773,0.7392582893371582,0.8479549884796143,4.536773920059204,-0.05399999999999994,-0.017999999999999905
Tr40_Ft200_Cp20,19,0.712,0.67,0.672,0.696,0.666,0.648,2.177313804626465,0.2331681251525879,0.38495326042175293,0.8814098834991455,0.7766132354736328,0.8694498538970947,4.633158206939697,0.025999999999999912,0.029999999999999916
Tr40_Ft500_Cp2,0,0.858,0.864,0.866,0.928,0.872,0.872,5.539736986160278,0.17156100273132324,0.2993810176849365,1.3520009517669678,1.1332991123199463,1.1185998916625977,9.812745094299316,0.06400000000000006,0.05600000000000005
Tr40_Ft500_Cp2,1,0.91,0.824,0.832,0.882,0.884,0.89,5.103000164031982,0.221390962600708,0.34937429428100586,1.194610834121704,1.2148339748382568,1.2024550437927246,9.828889846801758,0.05800000000000005,-0.0020000000000000018
Tr40_Ft500_Cp2,2,0.892,0.834,0.832,0.82,0.882,0.858,4.880702018737793,0.17026209831237793,0.30770206451416016,1.2036290168762207,1.2610487937927246,1.4841439723968506,10.038760900497437,-0.014000000000000012,-0.062000000000000055
Tr40_Ft500_Cp2,3,0.928,0.918,0.914,0.89,0.906,0.88,4.9964919090271,0.18783092498779297,0.34244823455810547,1.2719647884368896,1.1653008460998535,1.2043468952178955,9.58309006690979,-0.028000000000000025,-0.016000000000000014
Tr40_Ft500_Cp2,4,0.83,0.758,0.746,0.814,0.81,0.802,5.124502658843994,0.1753699779510498,0.2910640239715576,1.1946558952331543,1.168069839477539,1.1427700519561768,9.953830242156982,0.05599999999999994,0.0039999999999998925
Tr40_Ft500_Cp2,5,0.92,0.922,0.93,0.898,0.926,0.91,4.90802001953125,0.1961379051208496,0.36081409454345703,1.3350162506103516,1.2601251602172852,1.2414288520812988,9.773900032043457,-0.02400000000000002,-0.028000000000000025
Tr40_Ft500_Cp2,6,0.896,0.892,0.884,0.92,0.926,0.912,5.054620265960693,0.2271261215209961,0.5609481334686279,1.3977198600769043,1.1700599193572998,1.158200740814209,9.981064796447754,0.028000000000000025,-0.006000000000000005
Tr40_Ft500_Cp2,7,0.892,0.87,0.87,0.88,0.884,0.88,4.9774699211120605,0.18047690391540527,0.30817270278930664,1.1939880847930908,1.173748254776001,1.1604440212249756,9.611812114715576,0.010000000000000009,-0.0040000000000000036
Tr40_Ft500_Cp2,8,0.918,0.918,0.91,0.908,0.876,0.912,4.804136037826538,0.19429397583007812,0.31468892097473145,1.3354239463806152,1.3088090419769287,1.1819016933441162,10.496042013168335,-0.010000000000000009,0.03200000000000003
Tr40_Ft500_Cp2,9,0.91,0.906,0.914,0.93,0.932,0.914,5.3357110023498535,0.21127080917358398,0.2985110282897949,1.1571249961853027,1.1041059494018555,1.0890271663665771,9.774878978729248,0.02400000000000002,-0.0020000000000000018
Tr40_Ft500_Cp2,10,0.898,0.858,0.858,0.856,0.864,0.862,5.198119163513184,0.21494674682617188,0.3436450958251953,1.3242590427398682,1.4669551849365234,1.3486270904541016,10.60355520248413,-0.0020000000000000018,-0.008000000000000007
Tr40_Ft500_Cp2,11,0.868,0.87,0.87,0.868,0.868,0.866,4.948454856872559,0.18211793899536133,0.2946193218231201,1.186933994293213,1.1502130031585693,1.1593241691589355,9.71364974975586,-0.0020000000000000018,0.0
Tr40_Ft500_Cp2,12,0.902,0.91,0.91,0.91,0.91,0.912,5.141793966293335,0.18046092987060547,0.3351418972015381,1.2332470417022705,1.301697015762329,1.242527961730957,9.542824745178223,0.0,0.0
Tr40_Ft500_Cp2,13,0.944,0.922,0.918,0.936,0.928,0.902,4.874438762664795,0.18176794052124023,0.29018211364746094,1.2461929321289062,1.2274439334869385,1.2284610271453857,10.677070140838623,0.014000000000000012,0.008000000000000007
Tr40_Ft500_Cp2,14,0.91,0.888,0.894,0.934,0.912,0.926,5.23512601852417,0.17150211334228516,0.30293703079223633,1.1631591320037842,1.1265079975128174,1.167846918106079,9.942741870880127,0.04600000000000004,0.02200000000000002
Tr40_Ft500_Cp2,15,0.902,0.908,0.908,0.91,0.924,0.926,5.088294982910156,0.17814302444458008,0.2777831554412842,1.1848349571228027,1.2515828609466553,1.2823538780212402,9.807394027709961,0.0020000000000000018,-0.014000000000000012
Tr40_Ft500_Cp2,16,0.866,0.864,0.866,0.88,0.858,0.872,5.4166259765625,0.1952497959136963,0.3367919921875,1.2689557075500488,1.2683079242706299,1.2426879405975342,10.146968126296997,0.016000000000000014,0.02200000000000002
Tr40_Ft500_Cp2,17,0.898,0.894,0.9,0.902,0.908,0.892,4.944170713424683,0.20337486267089844,0.321929931640625,1.2857320308685303,1.265455961227417,1.1796526908874512,10.176167011260986,0.008000000000000007,-0.006000000000000005
Tr40_Ft500_Cp2,18,0.928,0.952,0.96,0.956,0.94,0.914,4.948228120803833,0.1832578182220459,0.33118677139282227,1.2774240970611572,1.1938049793243408,1.1925849914550781,10.0206139087677,0.0040000000000000036,0.016000000000000014
Tr40_Ft500_Cp2,19,0.926,0.908,0.896,0.932,0.946,0.906,4.930920839309692,0.21365714073181152,0.34319496154785156,1.3538739681243896,1.2303578853607178,1.234982967376709,10.038664817810059,0.02400000000000002,-0.013999999999999901
Tr40_Ft500_Cp6,0,0.82,0.882,0.876,0.872,0.844,0.846,5.368757009506226,0.18277692794799805,0.28282880783081055,1.2357311248779297,1.1786739826202393,1.2313427925109863,10.206024169921875,-0.010000000000000009,0.028000000000000025
Tr40_Ft500_Cp6,1,0.792,0.76,0.742,0.81,0.808,0.81,5.204416990280151,0.1715097427368164,0.3067779541015625,1.2810389995574951,1.3018319606781006,1.219372034072876,9.770677089691162,0.050000000000000044,0.0020000000000000018
Tr40_Ft500_Cp6,2,0.878,0.778,0.784,0.826,0.834,0.724,5.265276908874512,0.19515609741210938,0.28209924697875977,1.2271780967712402,1.2173151969909668,1.4296901226043701,9.58493709564209,0.04799999999999993,-0.008000000000000007
Tr40_Ft500_Cp6,3,0.834,0.818,0.82,0.826,0.83,0.826,5.277552843093872,0.17888712882995605,0.29708433151245117,1.1566581726074219,1.1857662200927734,1.1847269535064697,10.708561897277832,0.008000000000000007,-0.0040000000000000036
Tr40_Ft500_Cp6,4,0.826,0.728,0.726,0.778,0.766,0.754,5.000963926315308,0.20402812957763672,0.3159611225128174,1.1685659885406494,1.1887779235839844,1.1945469379425049,9.610537052154541,0.050000000000000044,0.01200000000000001
Tr40_Ft500_Cp6,5,0.77,0.798,0.802,0.812,0.782,0.796,4.748869895935059,0.17878174781799316,0.28238630294799805,1.1753461360931396,1.2934248447418213,1.1676726341247559,9.818287134170532,0.014000000000000012,0.030000000000000027
Tr40_Ft500_Cp6,6,0.776,0.756,0.754,0.772,0.788,0.758,5.162172079086304,0.1892988681793213,0.3264658451080322,1.162635087966919,1.2177159786224365,1.2256300449371338,9.918662071228027,0.016000000000000014,-0.016000000000000014
Tr40_Ft500_Cp6,7,0.838,0.762,0.742,0.816,0.818,0.838,4.93981409072876,0.1980447769165039,0.3103771209716797,1.137495756149292,1.1323647499084473,1.1355359554290771,9.66274380683899,0.05399999999999994,-0.0020000000000000018
Tr40_Ft500_Cp6,8,0.824,0.776,0.78,0.822,0.838,0.804,4.869339942932129,0.17706704139709473,0.2907679080963135,1.2228150367736816,1.237635850906372,1.2056148052215576,9.433694124221802,0.04599999999999993,-0.016000000000000014
Tr40_Ft500_Cp6,9,0.75,0.78,0.784,0.768,0.766,0.772,5.242049217224121,0.2099158763885498,0.32245564460754395,1.2419712543487549,1.1513009071350098,1.1268141269683838,9.672393798828125,-0.01200000000000001,0.0020000000000000018
Tr40_Ft500_Cp6,10,0.736,0.716,0.71,0.75,0.756,0.746,5.217145204544067,0.18841290473937988,0.27712321281433105,1.1833910942077637,1.1377809047698975,1.1512179374694824,9.759142875671387,0.03400000000000003,-0.006000000000000005
Tr40_Ft500_Cp6,11,0.792,0.798,0.802,0.764,0.806,0.706,4.89448094367981,0.18855500221252441,0.3415529727935791,1.1894090175628662,1.1839039325714111,1.1530108451843262,9.686164855957031,-0.03400000000000003,-0.04200000000000004
Tr40_Ft500_Cp6,12,0.742,0.706,0.7,0.726,0.76,0.738,4.998905658721924,0.17548680305480957,0.2965259552001953,1.1548728942871094,1.1800551414489746,1.1859440803527832,9.848010063171387,0.020000000000000018,-0.03400000000000003
Tr40_Ft500_Cp6,13,0.85,0.878,0.868,0.852,0.892,0.82,4.977583169937134,0.20346283912658691,0.3117969036102295,1.2323851585388184,1.2715270519256592,1.3568189144134521,10.022109031677246,-0.026000000000000023,-0.040000000000000036
Tr40_Ft500_Cp6,14,0.752,0.706,0.702,0.748,0.748,0.688,4.982236862182617,0.18760108947753906,0.3196899890899658,1.426675796508789,1.3117692470550537,1.2429230213165283,9.793543100357056,0.04200000000000004,0.0
Tr40_Ft500_Cp6,15,0.836,0.662,0.664,0.722,0.674,0.692,5.148210048675537,0.18692612648010254,0.3394641876220703,1.2207849025726318,1.1966831684112549,1.241213083267212,9.752984762191772,0.05999999999999994,0.04799999999999993
Tr40_Ft500_Cp6,16,0.828,0.764,0.752,0.752,0.79,0.826,5.120651721954346,0.18034911155700684,0.2841658592224121,1.1287510395050049,1.1552152633666992,1.1483237743377686,9.49683403968811,-0.01200000000000001,-0.038000000000000034
Tr40_Ft500_Cp6,17,0.816,0.824,0.816,0.808,0.834,0.8,4.855870008468628,0.21337294578552246,0.36782383918762207,1.1838579177856445,1.1627471446990967,1.1339671611785889,9.53818416595459,-0.015999999999999903,-0.025999999999999912
Tr40_Ft500_Cp6,18,0.884,0.79,0.764,0.824,0.856,0.826,5.003337860107422,0.19680500030517578,0.31007885932922363,1.1587178707122803,1.1533091068267822,1.2353651523590088,9.263899087905884,0.03399999999999992,-0.03200000000000003
Tr40_Ft500_Cp6,19,0.8,0.824,0.81,0.816,0.814,0.802,5.1456029415130615,0.17351412773132324,0.31418800354003906,1.206493854522705,1.262044906616211,1.1971971988677979,10.132954835891724,-0.008000000000000007,0.0020000000000000018
Tr40_Ft500_Cp20,0,0.672,0.638,0.64,0.632,0.644,0.642,5.087604999542236,0.1791670322418213,0.30154919624328613,1.2774803638458252,1.2576539516448975,1.1892180442810059,9.547076940536499,-0.006000000000000005,-0.01200000000000001
Tr40_Ft500_Cp20,1,0.66,0.648,0.648,0.646,0.64,0.628,5.158822774887085,0.1819169521331787,0.3425171375274658,1.3013739585876465,1.269887924194336,1.2572839260101318,9.868005990982056,-0.0020000000000000018,0.006000000000000005
Tr40_Ft500_Cp20,2,0.548,0.554,0.554,0.556,0.554,0.596,5.407732009887695,0.1800980567932129,0.30739307403564453,1.1944150924682617,1.296891212463379,1.1864440441131592,9.8176109790802,0.0020000000000000018,0.0020000000000000018
Tr40_Ft500_Cp20,3,0.642,0.618,0.63,0.552,0.614,0.608,5.012950658798218,0.17427802085876465,0.2954838275909424,1.1592440605163574,1.1968388557434082,1.211670160293579,9.952522993087769,-0.06599999999999995,-0.061999999999999944
Tr40_Ft500_Cp20,4,0.724,0.554,0.584,0.628,0.628,0.588,5.065837144851685,0.19319701194763184,0.28833699226379395,1.1591618061065674,1.0772452354431152,1.102602243423462,9.505201816558838,0.07399999999999995,0.0
Tr40_Ft500_Cp20,5,0.746,0.704,0.692,0.706,0.718,0.744,5.0962018966674805,0.17814087867736816,0.2902247905731201,1.1705389022827148,1.1408419609069824,1.086350917816162,10.085345983505249,0.0020000000000000018,-0.01200000000000001
Tr40_Ft500_Cp20,6,0.582,0.548,0.54,0.566,0.466,0.486,5.0810770988464355,0.1806809902191162,0.2982010841369629,1.2737529277801514,1.2580010890960693,1.2625558376312256,9.8763267993927,0.017999999999999905,0.09999999999999992
Tr40_Ft500_Cp20,7,0.726,0.672,0.674,0.69,0.65,0.658,5.201436758041382,0.19242167472839355,0.3805220127105713,1.2469079494476318,1.2028450965881348,1.2463839054107666,10.04530119895935,0.017999999999999905,0.039999999999999925
Tr40_Ft500_Cp20,8,0.65,0.704,0.712,0.556,0.67,0.668,4.985185861587524,0.18457913398742676,0.31275296211242676,1.2252991199493408,1.2039790153503418,1.2119510173797607,9.779361963272095,-0.1479999999999999,-0.11399999999999999
Tr40_Ft500_Cp20,9,0.726,0.618,0.606,0.71,0.642,0.69,5.2172510623931885,0.18985390663146973,0.34841299057006836,1.3040430545806885,1.3312170505523682,1.3014562129974365,10.23682689666748,0.09199999999999997,0.06799999999999995
Tr40_Ft500_Cp20,10,0.734,0.69,0.682,0.604,0.656,0.688,5.020653963088989,0.19512605667114258,0.31584715843200684,1.201085090637207,1.1939091682434082,1.2087359428405762,9.808387994766235,-0.08599999999999997,-0.052000000000000046
Tr40_Ft500_Cp20,11,0.672,0.696,0.67,0.624,0.668,0.668,5.154126882553101,0.1876811981201172,0.3147900104522705,1.2469959259033203,1.2185192108154297,1.2267298698425293,9.984121084213257,-0.07199999999999995,-0.04400000000000004
Tr40_Ft500_Cp20,12,0.702,0.668,0.662,0.536,0.602,0.57,4.900925874710083,0.1850121021270752,0.2999842166900635,1.2285182476043701,1.1778481006622314,1.2317819595336914,9.689491033554077,-0.132,-0.06599999999999995
Tr40_Ft500_Cp20,13,0.65,0.594,0.59,0.606,0.59,0.624,5.037056922912598,0.19257879257202148,0.32576823234558105,1.2895240783691406,1.2904701232910156,1.2913548946380615,10.15709114074707,0.01200000000000001,0.016000000000000014
Tr40_Ft500_Cp20,14,0.706,0.658,0.656,0.694,0.654,0.63,5.045092821121216,0.19805312156677246,0.3132057189941406,1.4490940570831299,1.2214174270629883,1.2474391460418701,10.139602899551392,0.03599999999999992,0.039999999999999925
Tr40_Ft500_Cp20,15,0.658,0.668,0.66,0.68,0.638,0.632,5.20248007774353,0.19976186752319336,0.34889793395996094,1.2728049755096436,1.1918721199035645,1.2123520374298096,10.098736047744751,0.01200000000000001,0.04200000000000004
Tr40_Ft500_Cp20,16,0.672,0.632,0.63,0.654,0.69,0.696,5.015728950500488,0.17882823944091797,0.3269379138946533,1.325382947921753,1.299468994140625,1.3125629425048828,9.392311096191406,0.02200000000000002,-0.03599999999999992
Tr40_Ft500_Cp20,17,0.648,0.598,0.606,0.568,0.576,0.604,5.096703290939331,0.19935083389282227,0.3567800521850586,1.3524749279022217,1.1757121086120605,1.194122314453125,11.359293937683105,-0.030000000000000027,-0.008000000000000007
Tr40_Ft500_Cp20,18,0.694,0.652,0.658,0.648,0.696,0.644,5.67098593711853,0.22330331802368164,0.3359501361846924,1.3003919124603271,1.3044300079345703,1.5042040348052979,10.212530851364136,-0.0040000000000000036,-0.04799999999999993
Tr40_Ft500_Cp20,19,0.684,0.648,0.652,0.63,0.612,0.656,5.1190080642700195,0.2368021011352539,0.4884378910064697,1.2848048210144043,1.2312498092651367,1.2257468700408936,10.820632934570312,-0.018000000000000016,0.018000000000000016
Tr100_Ft50_Cp2,0,0.892,0.886,0.888,0.878,0.87,0.85,0.6658031940460205,0.25734806060791016,0.42926597595214844,0.8165168762207031,0.8435158729553223,0.8376691341400146,1.841392993927002,-0.008000000000000007,0.008000000000000007
Tr100_Ft50_Cp2,1,0.912,0.928,0.928,0.928,0.906,0.91,0.6277589797973633,0.334381103515625,0.5044419765472412,0.8108720779418945,0.8719329833984375,0.8222308158874512,2.11053204536438,0.0,0.02200000000000002
Tr100_Ft50_Cp2,2,0.946,0.94,0.934,0.954,0.938,0.934,0.646686315536499,0.26366591453552246,0.523348331451416,0.8909389972686768,0.9217841625213623,0.855334997177124,2.169045925140381,0.014000000000000012,0.016000000000000014
Tr100_Ft50_Cp2,3,0.914,0.912,0.904,0.938,0.908,0.9,0.6690642833709717,0.2543790340423584,0.615394115447998,0.7604629993438721,0.806164026260376,0.7563183307647705,2.0720179080963135,0.025999999999999912,0.029999999999999916
Tr100_Ft50_Cp2,4,0.924,0.91,0.906,0.924,0.916,0.914,0.6098697185516357,0.2599458694458008,0.4820091724395752,0.9180948734283447,0.9063501358032227,0.8101620674133301,1.98533034324646,0.014000000000000012,0.008000000000000007
Tr100_Ft50_Cp2,5,0.92,0.926,0.928,0.914,0.922,0.914,0.7045822143554688,0.2734959125518799,0.4803168773651123,0.8518288135528564,0.8257369995117188,0.8511919975280762,2.0076277256011963,-0.01200000000000001,-0.008000000000000007
Tr100_Ft50_Cp2,6,0.916,0.932,0.93,0.934,0.95,0.932,0.831557035446167,0.26845383644104004,0.5339441299438477,0.9596281051635742,0.771435022354126,0.7895338535308838,1.924163818359375,0.0020000000000000018,-0.015999999999999903
Tr100_Ft50_Cp2,7,0.89,0.866,0.86,0.876,0.878,0.876,0.6101698875427246,0.24881696701049805,0.47948288917541504,0.8594028949737549,0.7985150814056396,0.7396097183227539,1.9698600769042969,0.010000000000000009,-0.0020000000000000018
Tr100_Ft50_Cp2,8,0.926,0.924,0.924,0.924,0.926,0.926,0.6245577335357666,0.25830721855163574,0.4489898681640625,0.8137409687042236,0.7450129985809326,0.7863540649414062,2.0532991886138916,0.0,-0.0020000000000000018
Tr100_Ft50_Cp2,9,0.914,0.922,0.92,0.922,0.918,0.922,0.6038069725036621,0.24660992622375488,0.4635350704193115,0.9802379608154297,0.909743070602417,0.8921515941619873,2.03869891166687,0.0,0.0040000000000000036
Tr100_Ft50_Cp2,10,0.938,0.93,0.93,0.932,0.952,0.95,0.606224775314331,0.2476038932800293,0.49657607078552246,0.8808431625366211,0.8519577980041504,0.8398289680480957,2.0561060905456543,0.0020000000000000018,-0.019999999999999907
Tr100_Ft50_Cp2,11,0.95,0.93,0.93,0.922,0.922,0.936,0.6717672348022461,0.3113119602203369,0.5556797981262207,0.9604260921478271,0.8448150157928467,0.814316987991333,2.298825979232788,-0.008000000000000007,0.0
Tr100_Ft50_Cp2,12,0.946,0.916,0.912,0.924,0.936,0.93,0.6184971332550049,0.26781320571899414,0.4880499839782715,0.8670101165771484,0.820188045501709,0.875999927520752,2.123210906982422,0.008000000000000007,-0.01200000000000001
Tr100_Ft50_Cp2,13,0.932,0.948,0.946,0.924,0.928,0.934,0.6360318660736084,0.2945830821990967,0.5341660976409912,0.8088357448577881,0.8428268432617188,0.8083148002624512,2.0214641094207764,-0.02399999999999991,-0.0040000000000000036
Tr100_Ft50_Cp2,14,0.916,0.906,0.9,0.924,0.914,0.92,0.6203749179840088,0.24461007118225098,0.5775012969970703,0.8798463344573975,0.8597826957702637,0.7832868099212646,1.8193299770355225,0.018000000000000016,0.010000000000000009
Tr100_Ft50_Cp2,15,0.888,0.92,0.914,0.924,0.918,0.912,0.74989914894104,0.2878141403198242,0.4953479766845703,0.82511305809021,0.8276848793029785,0.7991409301757812,2.1856508255004883,0.0040000000000000036,0.006000000000000005
Tr100_Ft50_Cp2,16,0.942,0.922,0.926,0.938,0.924,0.94,0.6435320377349854,0.27118897438049316,0.4711432456970215,0.8929619789123535,0.7999382019042969,0.742393970489502,2.0298070907592773,0.015999999999999903,0.013999999999999901
Tr100_Ft50_Cp2,17,0.912,0.928,0.93,0.928,0.942,0.912,0.613487958908081,0.27077198028564453,0.4840221405029297,0.8502979278564453,0.8128418922424316,0.779465913772583,2.2474069595336914,0.0,-0.013999999999999901
Tr100_Ft50_Cp2,18,0.94,0.926,0.928,0.926,0.934,0.946,0.6527729034423828,0.25864291191101074,0.49596524238586426,0.8026769161224365,0.7767210006713867,0.6901578903198242,2.069780111312866,0.0,-0.008000000000000007
Tr100_Ft50_Cp2,19,0.926,0.926,0.93,0.932,0.926,0.9,0.6371500492095947,0.2524840831756592,0.46536993980407715,0.7668330669403076,0.8142881393432617,0.7637288570404053,1.8473479747772217,0.006000000000000005,0.006000000000000005
Tr100_Ft50_Cp6,0,0.908,0.902,0.896,0.876,0.88,0.894,0.610496997833252,0.26926422119140625,0.4690737724304199,0.9549808502197266,0.881310224533081,0.7718331813812256,1.9865877628326416,-0.026000000000000023,-0.0040000000000000036
Tr100_Ft50_Cp6,1,0.882,0.84,0.828,0.818,0.844,0.798,0.7588119506835938,0.31995582580566406,0.5895829200744629,0.8934760093688965,0.8321588039398193,0.8351471424102783,2.821087121963501,-0.02200000000000002,-0.026000000000000023
Tr100_Ft50_Cp6,2,0.878,0.87,0.854,0.866,0.868,0.838,0.6711118221282959,0.3333280086517334,0.684516191482544,0.9223990440368652,0.8850939273834229,0.8516840934753418,2.1968281269073486,-0.0040000000000000036,-0.0020000000000000018
Tr100_Ft50_Cp6,3,0.93,0.908,0.906,0.912,0.914,0.868,0.7286999225616455,0.2563300132751465,0.5149939060211182,0.8511128425598145,0.7801809310913086,0.7884600162506104,2.0931990146636963,0.0040000000000000036,-0.0020000000000000018
Tr100_Ft50_Cp6,4,0.854,0.834,0.838,0.842,0.844,0.834,0.706334114074707,0.2678999900817871,0.48005199432373047,0.8442261219024658,0.7596559524536133,0.8445639610290527,2.255330801010132,0.008000000000000007,-0.0020000000000000018
Tr100_Ft50_Cp6,5,0.868,0.878,0.888,0.874,0.858,0.876,0.6772909164428711,0.2526271343231201,0.5327808856964111,0.8364777565002441,0.7946028709411621,0.8918049335479736,2.0200741291046143,-0.0040000000000000036,0.016000000000000014
Tr100_Ft50_Cp6,6,0.906,0.834,0.834,0.802,0.796,0.828,0.6911370754241943,0.2521669864654541,0.5442328453063965,0.9639129638671875,0.941770076751709,0.773378849029541,2.2485239505767822,-0.03199999999999992,0.006000000000000005
Tr100_Ft50_Cp6,7,0.882,0.858,0.85,0.868,0.866,0.866,0.6949582099914551,0.255922794342041,0.4875030517578125,0.86726975440979,0.8121130466461182,0.7333970069885254,2.237196683883667,0.010000000000000009,0.0020000000000000018
Tr100_Ft50_Cp6,8,0.894,0.864,0.844,0.88,0.86,0.86,0.6256990432739258,0.2689058780670166,0.5261378288269043,0.8549509048461914,0.8057558536529541,0.7995040416717529,2.0841081142425537,0.016000000000000014,0.020000000000000018
Tr100_Ft50_Cp6,9,0.856,0.83,0.83,0.854,0.862,0.862,0.613635778427124,0.2849552631378174,0.4888930320739746,0.9043912887573242,0.8409030437469482,0.9479069709777832,1.8539628982543945,0.02400000000000002,-0.008000000000000007
Tr100_Ft50_Cp6,10,0.914,0.886,0.884,0.882,0.888,0.908,0.7353389263153076,0.24446630477905273,0.564619779586792,0.7936668395996094,0.7490050792694092,0.7272381782531738,2.160137891769409,-0.0040000000000000036,-0.006000000000000005
Tr100_Ft50_Cp6,11,0.87,0.85,0.848,0.854,0.832,0.83,0.6696481704711914,0.2824552059173584,0.48990607261657715,0.9741408824920654,0.9340097904205322,0.8019099235534668,1.9775726795196533,0.0040000000000000036,0.02200000000000002
Tr100_Ft50_Cp6,12,0.88,0.862,0.844,0.828,0.874,0.828,0.8243799209594727,0.26785993576049805,0.5153777599334717,0.8574419021606445,0.8446328639984131,0.7404770851135254,1.9609451293945312,-0.03400000000000003,-0.04600000000000004
Tr100_Ft50_Cp6,13,0.9,0.858,0.866,0.816,0.852,0.814,0.6684329509735107,0.27416229248046875,0.5059061050415039,0.8228511810302734,0.8703398704528809,0.8971469402313232,2.1410610675811768,-0.04200000000000004,-0.03600000000000003
Tr100_Ft50_Cp6,14,0.882,0.894,0.882,0.894,0.89,0.894,0.6789910793304443,0.29419994354248047,0.4528391361236572,0.8758540153503418,0.8660688400268555,0.7865638732910156,2.3072609901428223,0.0,0.0040000000000000036
Tr100_Ft50_Cp6,15,0.934,0.908,0.89,0.898,0.882,0.904,0.7638740539550781,0.2853419780731201,0.5495119094848633,0.9044909477233887,0.8765420913696289,0.8168680667877197,2.1223018169403076,-0.010000000000000009,0.016000000000000014
Tr100_Ft50_Cp6,16,0.852,0.862,0.856,0.85,0.854,0.866,0.6083221435546875,0.26776599884033203,0.49627065658569336,0.8677749633789062,0.8487949371337891,0.8775627613067627,1.9652559757232666,-0.01200000000000001,-0.0040000000000000036
Tr100_Ft50_Cp6,17,0.87,0.86,0.868,0.844,0.878,0.836,0.90641188621521,0.25426697731018066,0.4725370407104492,0.8881797790527344,0.883497953414917,0.8406760692596436,2.1096739768981934,-0.016000000000000014,-0.03400000000000003
Tr100_Ft50_Cp6,18,0.892,0.87,0.86,0.89,0.882,0.9,0.8089931011199951,0.28490281105041504,0.540665864944458,0.8848929405212402,0.8031158447265625,0.804210901260376,2.0112152099609375,0.020000000000000018,0.008000000000000007
Tr100_Ft50_Cp6,19,0.882,0.856,0.854,0.854,0.85,0.848,0.6252081394195557,0.29451584815979004,0.48195624351501465,0.87410569190979,0.7685379981994629,0.733130931854248,2.112431764602661,-0.0020000000000000018,0.0040000000000000036
Tr100_Ft50_Cp20,0,0.746,0.742,0.738,0.756,0.67,0.668,0.8276188373565674,0.26779699325561523,0.6208088397979736,1.0287928581237793,0.8615529537200928,0.8662209510803223,2.0647239685058594,0.014000000000000012,0.08599999999999997
Tr100_Ft50_Cp20,1,0.766,0.794,0.786,0.768,0.778,0.74,0.6457333564758301,0.2880899906158447,0.46600890159606934,0.9647648334503174,0.9206979274749756,0.8563148975372314,2.2382116317749023,-0.026000000000000023,-0.010000000000000009
Tr100_Ft50_Cp20,2,0.75,0.762,0.768,0.732,0.742,0.72,0.6380031108856201,0.2957630157470703,0.5767910480499268,0.8206272125244141,0.7346839904785156,0.8184299468994141,2.195237874984741,-0.030000000000000027,-0.010000000000000009
Tr100_Ft50_Cp20,3,0.79,0.758,0.746,0.766,0.752,0.738,0.5945830345153809,0.3332231044769287,0.5413110256195068,0.8282308578491211,0.8526430130004883,0.7760131359100342,2.0835931301116943,0.008000000000000007,0.014000000000000012
Tr100_Ft50_Cp20,4,0.786,0.796,0.806,0.754,0.77,0.774,0.8091027736663818,0.2781679630279541,0.5930359363555908,0.9487717151641846,0.8029110431671143,0.8050000667572021,2.0123612880706787,-0.04200000000000004,-0.016000000000000014
Tr100_Ft50_Cp20,5,0.734,0.73,0.712,0.558,0.574,0.53,0.7144730091094971,0.251964807510376,0.5874249935150146,0.9393651485443115,0.7800331115722656,0.7240769863128662,1.981400966644287,-0.17199999999999993,-0.015999999999999903
Tr100_Ft50_Cp20,6,0.756,0.766,0.718,0.712,0.738,0.686,0.6726589202880859,0.3067741394042969,0.46485090255737305,0.8809928894042969,0.919593095779419,0.9026780128479004,2.3793952465057373,-0.05400000000000005,-0.026000000000000023
Tr100_Ft50_Cp20,7,0.788,0.718,0.704,0.702,0.662,0.674,0.6718499660491943,0.2814309597015381,0.5313777923583984,0.9256048202514648,0.8709828853607178,0.748924970626831,2.13543701171875,-0.016000000000000014,0.039999999999999925
Tr100_Ft50_Cp20,8,0.758,0.782,0.778,0.76,0.776,0.776,0.6485030651092529,0.28923988342285156,0.4813268184661865,0.8976948261260986,0.8793420791625977,0.8321022987365723,2.002117872238159,-0.02200000000000002,-0.016000000000000014
Tr100_Ft50_Cp20,9,0.742,0.714,0.7,0.712,0.742,0.744,0.8634049892425537,0.22206902503967285,0.47395825386047363,0.8731091022491455,0.7251219749450684,0.7405200004577637,1.9619419574737549,-0.0020000000000000018,-0.030000000000000027
Tr100_Ft50_Cp20,10,0.804,0.808,0.802,0.776,0.808,0.79,0.6471250057220459,0.2763378620147705,0.5071940422058105,0.9026789665222168,0.9188449382781982,0.8020522594451904,2.299255132675171,-0.03200000000000003,-0.03200000000000003
Tr100_Ft50_Cp20,11,0.822,0.742,0.75,0.722,0.734,0.718,0.7108206748962402,0.29748106002807617,0.5445497035980225,0.9121701717376709,0.8650369644165039,0.800917387008667,2.386951208114624,-0.020000000000000018,-0.01200000000000001
Tr100_Ft50_Cp20,12,0.804,0.81,0.806,0.766,0.79,0.754,0.7328839302062988,0.2769958972930908,0.5266518592834473,0.8983449935913086,0.788787841796875,0.8746559619903564,2.037091016769409,-0.04400000000000004,-0.02400000000000002
Tr100_Ft50_Cp20,13,0.764,0.768,0.774,0.718,0.74,0.722,0.7171421051025391,0.3078269958496094,0.5319759845733643,0.8880302906036377,0.7738010883331299,0.9107210636138916,1.968616247177124,-0.050000000000000044,-0.02200000000000002
Tr100_Ft50_Cp20,14,0.788,0.786,0.784,0.744,0.746,0.73,0.6519782543182373,0.26519107818603516,0.46941208839416504,0.8466041088104248,0.8034477233886719,0.8057551383972168,1.8085336685180664,-0.04200000000000004,-0.0020000000000000018
Tr100_Ft50_Cp20,15,0.72,0.712,0.698,0.664,0.674,0.652,0.584827184677124,0.318713903427124,0.5852799415588379,0.9289138317108154,0.7809290885925293,0.8313257694244385,2.2428359985351562,-0.04799999999999993,-0.010000000000000009
Tr100_Ft50_Cp20,16,0.768,0.738,0.716,0.738,0.712,0.718,0.7314250469207764,0.2601151466369629,0.47882866859436035,0.833669900894165,0.848825216293335,0.8275661468505859,1.978430986404419,0.0,0.026000000000000023
Tr100_Ft50_Cp20,17,0.81,0.77,0.77,0.758,0.754,0.664,0.6593711376190186,0.2514839172363281,0.49434900283813477,0.7928657531738281,0.8396060466766357,0.7665331363677979,2.1489007472991943,-0.01200000000000001,0.0040000000000000036
Tr100_Ft50_Cp20,18,0.77,0.802,0.794,0.822,0.8,0.776,0.8482940196990967,0.29537391662597656,0.5287837982177734,0.8363730907440186,0.8611207008361816,0.825423002243042,2.1857008934020996,0.019999999999999907,0.02199999999999991
Tr100_Ft50_Cp20,19,0.8,0.808,0.81,0.772,0.78,0.78,0.7094240188598633,0.4207892417907715,0.6383991241455078,1.3024022579193115,0.7400789260864258,0.7912790775299072,2.1209359169006348,-0.03600000000000003,-0.008000000000000007
Tr100_Ft200_Cp2,0,0.914,0.944,0.946,0.958,0.95,0.946,2.564862012863159,0.24025797843933105,0.42563581466674805,1.666166067123413,1.4412720203399658,1.3587749004364014,6.128681898117065,0.014000000000000012,0.008000000000000007
Tr100_Ft200_Cp2,1,0.89,0.908,0.908,0.926,0.922,0.926,2.6190006732940674,0.26326799392700195,0.5020930767059326,1.6300759315490723,1.3719298839569092,1.4716360569000244,6.467729091644287,0.018000000000000016,0.0040000000000000036
Tr100_Ft200_Cp2,2,0.884,0.914,0.92,0.934,0.934,0.906,2.7775580883026123,0.24444818496704102,0.42426085472106934,1.394160270690918,1.424184799194336,1.4275128841400146,5.974737882614136,0.020000000000000018,0.0
Tr100_Ft200_Cp2,3,0.934,0.934,0.936,0.952,0.94,0.938,2.663675308227539,0.25432705879211426,0.47115182876586914,1.3333847522735596,1.3354358673095703,1.34543776512146,6.2741029262542725,0.017999999999999905,0.01200000000000001
Tr100_Ft200_Cp2,4,0.94,0.944,0.942,0.94,0.95,0.934,2.429670810699463,0.2565929889678955,0.4358499050140381,1.3848528861999512,1.2931678295135498,1.3072834014892578,5.7569873332977295,-0.0040000000000000036,-0.010000000000000009
Tr100_Ft200_Cp2,5,0.896,0.9,0.902,0.924,0.918,0.924,2.4177780151367188,0.24329495429992676,0.44529008865356445,1.3343839645385742,1.3459258079528809,1.3076050281524658,5.7578980922698975,0.02400000000000002,0.006000000000000005
Tr100_Ft200_Cp2,6,0.898,0.924,0.924,0.92,0.918,0.914,2.64034104347229,0.2952430248260498,0.46951889991760254,1.4297232627868652,1.3914859294891357,1.33138108253479,5.711213111877441,-0.0040000000000000036,0.0020000000000000018
Tr100_Ft200_Cp2,7,0.914,0.93,0.928,0.928,0.936,0.924,2.5140018463134766,0.2901120185852051,0.5147709846496582,1.400838851928711,1.3983190059661865,1.3632760047912598,5.727720737457275,-0.0020000000000000018,-0.008000000000000007
Tr100_Ft200_Cp2,8,0.92,0.962,0.962,0.954,0.956,0.934,2.406623125076294,0.26225996017456055,0.3977642059326172,1.2891089916229248,1.3451709747314453,1.7401998043060303,5.877612829208374,-0.008000000000000007,-0.0020000000000000018
Tr100_Ft200_Cp2,9,0.932,0.964,0.964,0.962,0.966,0.948,2.849688768386841,0.24911904335021973,0.4253852367401123,1.4266600608825684,1.329211950302124,1.289654016494751,5.754806041717529,-0.0020000000000000018,-0.0040000000000000036
Tr100_Ft200_Cp2,10,0.882,0.93,0.93,0.926,0.928,0.918,2.542497158050537,0.2608668804168701,0.4399082660675049,1.355187177658081,1.2877850532531738,1.3352711200714111,5.764666795730591,-0.0040000000000000036,-0.0020000000000000018
Tr100_Ft200_Cp2,11,0.894,0.898,0.894,0.914,0.904,0.906,2.610167980194092,0.22851014137268066,0.4068920612335205,1.3006179332733154,1.305176019668579,1.3256430625915527,5.76195502281189,0.016000000000000014,0.010000000000000009
Tr100_Ft200_Cp2,12,0.872,0.908,0.908,0.914,0.91,0.89,2.434269905090332,0.28114914894104004,0.46662092208862305,1.4063010215759277,1.4141590595245361,1.3451159000396729,5.696565866470337,0.006000000000000005,0.0040000000000000036
Tr100_Ft200_Cp2,13,0.95,0.948,0.948,0.964,0.954,0.952,2.378566026687622,0.2551538944244385,0.43190574645996094,1.3942360877990723,1.3338408470153809,1.3463001251220703,5.745309829711914,0.016000000000000014,0.010000000000000009
Tr100_Ft200_Cp2,14,0.944,0.95,0.944,0.944,0.946,0.946,2.5789167881011963,0.28119993209838867,0.4398670196533203,1.3948311805725098,1.3405489921569824,1.333298921585083,5.738169193267822,-0.006000000000000005,-0.0020000000000000018
Tr100_Ft200_Cp2,15,0.89,0.942,0.938,0.952,0.938,0.924,2.424920082092285,0.24123001098632812,0.4476737976074219,1.3144481182098389,1.345055103302002,1.3441147804260254,5.6649909019470215,0.010000000000000009,0.014000000000000012
Tr100_Ft200_Cp2,16,0.922,0.954,0.944,0.966,0.956,0.956,2.4166150093078613,0.25134968757629395,0.4775810241699219,1.4200050830841064,1.9241771697998047,1.445176124572754,5.880194902420044,0.01200000000000001,0.010000000000000009
Tr100_Ft200_Cp2,17,0.89,0.946,0.946,0.952,0.966,0.954,2.416891098022461,0.24663782119750977,0.4390251636505127,1.422701120376587,1.3934988975524902,1.4365777969360352,5.6982409954071045,0.006000000000000005,-0.014000000000000012
Tr100_Ft200_Cp2,18,0.892,0.928,0.93,0.948,0.944,0.936,2.5322623252868652,0.2268218994140625,0.40996289253234863,1.254976749420166,1.3001880645751953,1.2449841499328613,5.928136825561523,0.019999999999999907,0.0040000000000000036
Tr100_Ft200_Cp2,19,0.936,0.946,0.948,0.958,0.958,0.948,2.441298007965088,0.23703408241271973,0.41988086700439453,1.313385248184204,1.3241910934448242,1.3549072742462158,5.82161283493042,0.01200000000000001,0.0
Tr100_Ft200_Cp6,0,0.874,0.894,0.892,0.906,0.85,0.868,2.412304162979126,0.3019728660583496,0.4975869655609131,1.465062141418457,1.3373289108276367,1.3448748588562012,5.691799163818359,0.01200000000000001,0.05600000000000005
Tr100_Ft200_Cp6,1,0.846,0.876,0.876,0.878,0.868,0.854,2.5263571739196777,0.26209402084350586,0.47742199897766113,1.4133648872375488,1.378774881362915,1.3427681922912598,5.882436990737915,0.0020000000000000018,0.010000000000000009
Tr100_Ft200_Cp6,2,0.83,0.864,0.86,0.864,0.87,0.87,2.463391065597534,0.2871360778808594,0.3971848487854004,1.234334945678711,1.2251038551330566,1.2679669857025146,5.70587420463562,0.0,-0.006000000000000005
Tr100_Ft200_Cp6,3,0.856,0.87,0.85,0.844,0.86,0.84,2.6370480060577393,0.22310185432434082,0.44809913635253906,1.3913636207580566,1.3085169792175293,1.3513338565826416,5.54987907409668,-0.026000000000000023,-0.016000000000000014
Tr100_Ft200_Cp6,4,0.892,0.88,0.876,0.872,0.88,0.874,2.5355498790740967,0.23961496353149414,0.4333639144897461,1.3613412380218506,1.4311270713806152,1.3611552715301514,5.383098125457764,-0.008000000000000007,-0.008000000000000007
Tr100_Ft200_Cp6,5,0.918,0.858,0.848,0.878,0.848,0.888,2.368427038192749,0.262864351272583,0.4997997283935547,1.4712579250335693,1.4165267944335938,1.414186954498291,5.322802782058716,0.020000000000000018,0.030000000000000027
Tr100_Ft200_Cp6,6,0.804,0.816,0.824,0.782,0.832,0.814,2.504439115524292,0.23557138442993164,0.48548388481140137,1.3703339099884033,1.345454216003418,1.315626859664917,5.56214714050293,-0.03399999999999992,-0.04999999999999993
Tr100_Ft200_Cp6,7,0.844,0.86,0.852,0.868,0.858,0.848,2.6039481163024902,0.23323678970336914,0.425692081451416,1.506533145904541,1.476294994354248,1.4539780616760254,6.335132837295532,0.008000000000000007,0.010000000000000009
Tr100_Ft200_Cp6,8,0.88,0.898,0.886,0.896,0.888,0.904,2.5747158527374268,0.2812538146972656,0.5622878074645996,1.5921742916107178,1.3450586795806885,1.4693989753723145,5.547327995300293,-0.0020000000000000018,0.008000000000000007
Tr100_Ft200_Cp6,9,0.88,0.884,0.884,0.914,0.892,0.876,2.695160150527954,0.27116990089416504,0.42129087448120117,1.4692270755767822,1.4983689785003662,1.438349723815918,5.743443012237549,0.030000000000000027,0.02200000000000002
Tr100_Ft200_Cp6,10,0.842,0.868,0.854,0.878,0.85,0.872,2.545433282852173,0.2450418472290039,0.4690380096435547,1.5490081310272217,1.4237329959869385,1.417578935623169,5.5572967529296875,0.010000000000000009,0.028000000000000025
Tr100_Ft200_Cp6,11,0.85,0.89,0.892,0.892,0.886,0.894,2.557223081588745,0.2733299732208252,0.45902395248413086,1.4720509052276611,1.438640832901001,1.5019500255584717,5.920151710510254,0.0020000000000000018,0.006000000000000005
Tr100_Ft200_Cp6,12,0.846,0.884,0.882,0.884,0.878,0.872,2.601506233215332,0.2754058837890625,0.5154900550842285,1.5233099460601807,1.3879480361938477,1.4072370529174805,5.742274761199951,0.0,0.006000000000000005
Tr100_Ft200_Cp6,13,0.89,0.858,0.854,0.874,0.856,0.84,2.704970121383667,0.2623741626739502,0.44701576232910156,1.335860013961792,1.3702759742736816,1.3651471138000488,6.4578938484191895,0.016000000000000014,0.018000000000000016
Tr100_Ft200_Cp6,14,0.88,0.88,0.88,0.862,0.86,0.856,2.690812826156616,0.2628910541534424,0.4456801414489746,1.414283037185669,1.3834309577941895,1.4803261756896973,6.408517122268677,-0.018000000000000016,0.0020000000000000018
Tr100_Ft200_Cp6,15,0.872,0.926,0.92,0.906,0.89,0.886,2.508594036102295,0.2844982147216797,0.4994959831237793,1.8596789836883545,2.5525989532470703,1.7789759635925293,5.681328058242798,-0.020000000000000018,0.016000000000000014
Tr100_Ft200_Cp6,16,0.894,0.9,0.898,0.898,0.894,0.908,2.7180027961730957,0.2528970241546631,0.4738616943359375,1.4452061653137207,1.4463002681732178,1.2512028217315674,6.023821115493774,-0.0020000000000000018,0.0040000000000000036
Tr100_Ft200_Cp6,17,0.898,0.898,0.902,0.886,0.89,0.888,2.469029188156128,0.24800992012023926,0.4201488494873047,1.351625919342041,1.3293321132659912,1.2889721393585205,5.718845844268799,-0.01200000000000001,-0.0040000000000000036
Tr100_Ft200_Cp6,18,0.83,0.902,0.892,0.908,0.91,0.914,2.452728033065796,0.22387981414794922,0.4075651168823242,1.280324935913086,1.3023028373718262,1.2919459342956543,5.731627941131592,0.006000000000000005,-0.0020000000000000018
Tr100_Ft200_Cp6,19,0.854,0.864,0.85,0.85,0.854,0.856,2.4170761108398438,0.3478519916534424,0.6324596405029297,1.5608611106872559,1.3026678562164307,1.2438931465148926,6.038506031036377,-0.014000000000000012,-0.0040000000000000036
Tr100_Ft200_Cp20,0,0.786,0.758,0.748,0.748,0.678,0.74,2.406810998916626,0.23762202262878418,0.4546947479248047,1.3647270202636719,1.521493911743164,1.2903311252593994,5.952469110488892,-0.010000000000000009,0.06999999999999995
Tr100_Ft200_Cp20,1,0.77,0.82,0.812,0.83,0.786,0.752,2.49574613571167,0.22742795944213867,0.42684221267700195,1.2794592380523682,1.2297749519348145,1.2276816368103027,5.851790189743042,0.010000000000000009,0.04399999999999993
Tr100_Ft200_Cp20,2,0.73,0.734,0.73,0.746,0.726,0.71,2.550687074661255,0.2739419937133789,0.43888020515441895,1.3972759246826172,1.3864879608154297,1.3405101299285889,5.6794281005859375,0.01200000000000001,0.020000000000000018
Tr100_Ft200_Cp20,3,0.692,0.69,0.68,0.714,0.726,0.722,2.4075326919555664,0.24373984336853027,0.42107295989990234,1.2713940143585205,1.3794589042663574,1.3361468315124512,5.7090020179748535,0.02400000000000002,-0.01200000000000001
Tr100_Ft200_Cp20,4,0.78,0.774,0.77,0.704,0.748,0.77,2.4011731147766113,0.2521238327026367,0.5109918117523193,1.3253169059753418,1.3353331089019775,1.2842166423797607,5.808966875076294,-0.07000000000000006,-0.04400000000000004
Tr100_Ft200_Cp20,5,0.78,0.812,0.798,0.756,0.788,0.76,2.601796865463257,0.26404619216918945,0.4363269805908203,1.3820950984954834,1.3514702320098877,1.9398348331451416,5.730052947998047,-0.05600000000000005,-0.03200000000000003
Tr100_Ft200_Cp20,6,0.716,0.674,0.674,0.702,0.662,0.688,2.6981520652770996,0.25582003593444824,0.4381072521209717,1.3287091255187988,1.232361078262329,1.2768769264221191,5.663816928863525,0.027999999999999914,0.039999999999999925
Tr100_Ft200_Cp20,7,0.756,0.76,0.772,0.77,0.752,0.752,2.6356570720672607,0.26126599311828613,0.4752047061920166,1.3725090026855469,1.3194761276245117,1.343076229095459,5.681730031967163,0.010000000000000009,0.018000000000000016
Tr100_Ft200_Cp20,8,0.798,0.784,0.778,0.734,0.748,0.752,2.394577980041504,0.24901294708251953,0.39742612838745117,1.345060110092163,1.2334718704223633,1.282923936843872,5.698358058929443,-0.050000000000000044,-0.014000000000000012
Tr100_Ft200_Cp20,9,0.768,0.798,0.794,0.772,0.794,0.766,2.4507579803466797,0.23451519012451172,0.3960731029510498,1.3987631797790527,1.350092887878418,1.3351988792419434,5.8359458446502686,-0.026000000000000023,-0.02200000000000002
Tr100_Ft200_Cp20,10,0.75,0.76,0.748,0.74,0.694,0.686,2.5040531158447266,0.27733802795410156,0.4535219669342041,1.3894639015197754,1.2933249473571777,1.252838134765625,5.705989837646484,-0.020000000000000018,0.04600000000000004
Tr100_Ft200_Cp20,11,0.748,0.686,0.686,0.69,0.718,0.756,2.5628011226654053,0.2778301239013672,0.4072849750518799,1.2830162048339844,1.384842872619629,1.3115229606628418,5.6959826946258545,0.0039999999999998925,-0.028000000000000025
Tr100_Ft200_Cp20,12,0.816,0.73,0.724,0.756,0.746,0.764,2.4071061611175537,0.24412274360656738,0.41416335105895996,1.3614921569824219,1.360342025756836,1.32545804977417,5.828783750534058,0.026000000000000023,0.010000000000000009
Tr100_Ft200_Cp20,13,0.816,0.788,0.786,0.806,0.762,0.766,2.4313859939575195,0.24428391456604004,0.417618989944458,1.3015789985656738,1.277165174484253,1.3017778396606445,5.65302300453186,0.018000000000000016,0.04400000000000004
Tr100_Ft200_Cp20,14,0.82,0.794,0.796,0.754,0.796,0.76,2.4378180503845215,0.24912428855895996,0.4613471031188965,1.331583023071289,1.33309006690979,1.3466417789459229,5.897014856338501,-0.040000000000000036,-0.04200000000000004
Tr100_Ft200_Cp20,15,0.784,0.77,0.754,0.766,0.772,0.748,2.571673631668091,0.253493070602417,0.47066402435302734,1.3772461414337158,1.3812470436096191,1.3148560523986816,5.728775978088379,-0.0040000000000000036,-0.006000000000000005
Tr100_Ft200_Cp20,16,0.772,0.756,0.738,0.768,0.752,0.77,2.4321579933166504,0.24744200706481934,0.3805699348449707,1.3309271335601807,1.3139891624450684,1.3075456619262695,5.628557205200195,0.01200000000000001,0.016000000000000014
Tr100_Ft200_Cp20,17,0.774,0.76,0.758,0.748,0.728,0.748,2.4027621746063232,0.25576305389404297,0.389570951461792,1.2638070583343506,1.280508041381836,1.2519752979278564,5.767345905303955,-0.01200000000000001,0.020000000000000018
Tr100_Ft200_Cp20,18,0.754,0.726,0.742,0.726,0.722,0.71,2.546663999557495,0.23882198333740234,0.3808581829071045,1.2998931407928467,1.3427598476409912,1.278135061264038,5.799880743026733,0.0,0.0040000000000000036
Tr100_Ft200_Cp20,19,0.786,0.78,0.79,0.742,0.752,0.744,2.5246598720550537,0.2662389278411865,0.4328279495239258,1.3642351627349854,1.2640790939331055,1.3372490406036377,5.27209210395813,-0.038000000000000034,-0.010000000000000009
Tr100_Ft500_Cp2,0,0.896,0.916,0.914,0.922,0.944,0.924,5.990950107574463,0.2137441635131836,0.3551311492919922,1.8888680934906006,1.989743947982788,1.9004170894622803,13.023545026779175,0.006000000000000005,-0.02199999999999991
Tr100_Ft500_Cp2,1,0.888,0.918,0.906,0.918,0.916,0.904,5.449106931686401,0.21101903915405273,0.40233278274536133,1.8509318828582764,2.038231134414673,1.8620250225067139,12.749818086624146,0.0,0.0020000000000000018
Tr100_Ft500_Cp2,2,0.88,0.952,0.96,0.962,0.958,0.952,5.584741115570068,0.2042081356048584,0.3949391841888428,2.006175994873047,1.8515350818634033,1.8268828392028809,13.008449077606201,0.010000000000000009,0.0040000000000000036
Tr100_Ft500_Cp2,3,0.904,0.966,0.97,0.968,0.97,0.962,5.482820272445679,0.26337623596191406,0.4542198181152344,2.0675361156463623,2.048058032989502,1.8796422481536865,12.977787733078003,0.0020000000000000018,-0.0020000000000000018
Tr100_Ft500_Cp2,4,0.908,0.922,0.924,0.952,0.94,0.944,5.747740268707275,0.31061720848083496,0.5492672920227051,2.242668867111206,2.0490469932556152,1.9222912788391113,14.001209735870361,0.029999999999999916,0.01200000000000001
Tr100_Ft500_Cp2,5,0.904,0.922,0.924,0.956,0.956,0.954,6.216900110244751,0.25659704208374023,0.5033998489379883,2.1543707847595215,2.0133299827575684,2.0385961532592773,15.23920202255249,0.03399999999999992,0.0
Tr100_Ft500_Cp2,6,0.946,0.96,0.95,0.956,0.964,0.946,5.8877317905426025,0.21806693077087402,0.38451409339904785,2.243255853652954,1.9780480861663818,2.0238258838653564,14.364968061447144,-0.0040000000000000036,-0.008000000000000007
Tr100_Ft500_Cp2,7,0.944,0.948,0.946,0.95,0.956,0.95,5.752842903137207,0.22425508499145508,0.4072408676147461,1.936466932296753,1.9870085716247559,1.8837029933929443,14.278454065322876,0.0020000000000000018,-0.006000000000000005
Tr100_Ft500_Cp2,8,0.898,0.962,0.96,0.972,0.968,0.97,6.806641101837158,0.2527437210083008,0.44878697395324707,2.1591789722442627,2.0692460536956787,2.2313528060913086,14.337798118591309,0.010000000000000009,0.0040000000000000036
Tr100_Ft500_Cp2,9,0.882,0.956,0.956,0.97,0.96,0.952,6.569437026977539,0.29918885231018066,0.467573881149292,2.3212032318115234,2.1989591121673584,2.065289258956909,15.882152080535889,0.014000000000000012,0.010000000000000009
Tr100_Ft500_Cp2,10,0.93,0.956,0.95,0.93,0.952,0.954,6.665881156921387,0.3333451747894287,0.5582411289215088,2.3899855613708496,2.534862995147705,2.3734591007232666,15.348548889160156,-0.025999999999999912,-0.02199999999999991
Tr100_Ft500_Cp2,11,0.918,0.92,0.912,0.926,0.928,0.928,6.819417953491211,0.35256171226501465,0.47334790229797363,2.1728200912475586,2.279921770095825,2.2367920875549316,15.519041061401367,0.006000000000000005,-0.0020000000000000018
Tr100_Ft500_Cp2,12,0.926,0.932,0.93,0.94,0.944,0.938,7.063047885894775,0.2834281921386719,0.5051319599151611,2.283125877380371,2.1835110187530518,2.169677734375,16.36343002319336,0.007999999999999896,-0.0040000000000000036
Tr100_Ft500_Cp2,13,0.896,0.97,0.972,0.96,0.96,0.948,6.93223237991333,0.31807899475097656,0.6128830909729004,2.325762987136841,2.195399761199951,2.5453131198883057,15.660549879074097,-0.010000000000000009,0.0
Tr100_Ft500_Cp2,14,0.902,0.928,0.93,0.936,0.932,0.95,6.572468042373657,0.28082823753356934,0.5530328750610352,2.3471999168395996,2.4278452396392822,2.33518385887146,15.480715990066528,0.008000000000000007,0.0040000000000000036
Tr100_Ft500_Cp2,15,0.954,0.964,0.964,0.964,0.958,0.918,6.793426752090454,0.3149712085723877,0.5006430149078369,2.3510870933532715,1.9915990829467773,2.200132131576538,16.02193808555603,0.0,0.006000000000000005
Tr100_Ft500_Cp2,16,0.89,0.93,0.926,0.952,0.942,0.946,7.135564088821411,0.27879786491394043,0.424576997756958,2.2122321128845215,2.1588242053985596,2.111508846282959,16.03562092781067,0.02199999999999991,0.010000000000000009
Tr100_Ft500_Cp2,17,0.922,0.95,0.95,0.96,0.952,0.956,6.991924047470093,0.3496110439300537,0.6238760948181152,2.4128530025482178,2.3087081909179688,2.1582682132720947,16.18865990638733,0.010000000000000009,0.008000000000000007
Tr100_Ft500_Cp2,18,0.894,0.938,0.93,0.954,0.942,0.926,6.6096320152282715,0.2966349124908447,0.5183749198913574,2.271955966949463,2.226245880126953,2.3384358882904053,15.648288011550903,0.016000000000000014,0.01200000000000001
Tr100_Ft500_Cp2,19,0.904,0.96,0.962,0.95,0.958,0.946,6.909440040588379,0.25141072273254395,0.47649073600769043,2.128566026687622,2.1076419353485107,2.1016430854797363,15.498203992843628,-0.010000000000000009,-0.008000000000000007
Tr100_Ft500_Cp6,0,0.9,0.93,0.93,0.948,0.92,0.924,6.8442161083221436,0.4176299571990967,0.6914041042327881,2.5754990577697754,2.2768661975860596,2.336113929748535,16.337943077087402,0.017999999999999905,0.027999999999999914
Tr100_Ft500_Cp6,1,0.864,0.858,0.862,0.842,0.874,0.85,7.173978090286255,0.2605311870574951,0.5362539291381836,2.3817830085754395,2.219547986984253,2.2856462001800537,15.957568168640137,-0.016000000000000014,-0.03200000000000003
Tr100_Ft500_Cp6,2,0.888,0.888,0.9,0.914,0.88,0.86,6.821866989135742,0.22333478927612305,0.3784749507904053,1.9646961688995361,1.9729180335998535,1.9589991569519043,13.03378415107727,0.026000000000000023,0.03400000000000003
Tr100_Ft500_Cp6,3,0.832,0.852,0.848,0.842,0.86,0.864,5.530566930770874,0.2360210418701172,0.3885800838470459,1.941741704940796,1.9497239589691162,1.9235131740570068,12.491370916366577,-0.010000000000000009,-0.018000000000000016
Tr100_Ft500_Cp6,4,0.852,0.88,0.874,0.818,0.856,0.874,5.671844005584717,0.22850728034973145,0.3929109573364258,2.06451416015625,1.961599349975586,1.858104944229126,13.081524848937988,-0.062000000000000055,-0.038000000000000034
Tr100_Ft500_Cp6,5,0.89,0.894,0.886,0.884,0.892,0.9,5.381187200546265,0.19660305976867676,0.3905909061431885,1.8737280368804932,1.9975392818450928,2.0231170654296875,12.763926982879639,-0.010000000000000009,-0.008000000000000007
Tr100_Ft500_Cp6,6,0.872,0.868,0.86,0.868,0.892,0.866,5.442665100097656,0.2220458984375,0.42319798469543457,2.060473918914795,1.9193217754364014,1.9542369842529297,13.2864089012146,0.0,-0.02400000000000002
Tr100_Ft500_Cp6,7,0.872,0.84,0.836,0.858,0.848,0.83,5.383179664611816,0.23540616035461426,0.4210340976715088,2.1465978622436523,1.9528489112854004,1.9614241123199463,13.190065145492554,0.018000000000000016,0.010000000000000009
Tr100_Ft500_Cp6,8,0.854,0.874,0.874,0.898,0.878,0.886,5.585469961166382,0.19506502151489258,0.38864803314208984,1.8754172325134277,2.037166118621826,1.968550205230713,12.527130126953125,0.02400000000000002,0.020000000000000018
Tr100_Ft500_Cp6,9,0.902,0.906,0.902,0.91,0.914,0.884,5.467051029205322,0.2530350685119629,0.4353652000427246,2.0670483112335205,1.9532532691955566,1.973764181137085,13.426743984222412,0.0040000000000000036,-0.0040000000000000036
Tr100_Ft500_Cp6,10,0.856,0.888,0.886,0.862,0.866,0.886,5.568460941314697,0.24995827674865723,0.36931419372558594,1.8313229084014893,1.9710578918457031,1.9214227199554443,13.089233875274658,-0.026000000000000023,-0.0040000000000000036
Tr100_Ft500_Cp6,11,0.866,0.878,0.89,0.886,0.902,0.884,5.494101047515869,0.26161885261535645,0.43535637855529785,2.0083348751068115,2.0167951583862305,1.9112420082092285,13.150804996490479,0.008000000000000007,-0.016000000000000014
Tr100_Ft500_Cp6,12,0.896,0.882,0.88,0.884,0.894,0.858,5.57162618637085,0.24164891242980957,0.48688483238220215,1.9695119857788086,2.0725669860839844,1.9521677494049072,12.938329935073853,0.0020000000000000018,-0.010000000000000009
Tr100_Ft500_Cp6,13,0.854,0.894,0.894,0.884,0.884,0.882,5.445647239685059,0.2533247470855713,0.46584415435791016,2.0634119510650635,1.9797461032867432,1.8992071151733398,13.01321792602539,-0.010000000000000009,0.0
Tr100_Ft500_Cp6,14,0.84,0.874,0.88,0.854,0.874,0.866,5.319633960723877,0.2427978515625,0.38930773735046387,1.957996129989624,1.9508399963378906,1.9160900115966797,13.071370124816895,-0.020000000000000018,-0.020000000000000018
Tr100_Ft500_Cp6,15,0.894,0.89,0.88,0.906,0.906,0.888,5.50939416885376,0.23816990852355957,0.42658519744873047,2.1574668884277344,1.9644131660461426,1.8716511726379395,13.055506944656372,0.016000000000000014,0.0
Tr100_Ft500_Cp6,16,0.872,0.882,0.888,0.898,0.91,0.904,5.366098880767822,0.24186396598815918,0.43086791038513184,1.9352638721466064,1.95261812210083,1.9843189716339111,12.847759246826172,0.016000000000000014,-0.01200000000000001
Tr100_Ft500_Cp6,17,0.864,0.884,0.876,0.89,0.878,0.902,5.466997146606445,0.2350001335144043,0.45929694175720215,2.097169876098633,2.039592981338501,1.9473669528961182,13.007038831710815,0.006000000000000005,0.01200000000000001
Tr100_Ft500_Cp6,18,0.886,0.888,0.888,0.864,0.882,0.872,5.772634029388428,0.24604082107543945,0.3701949119567871,1.9392130374908447,1.867568016052246,1.8030178546905518,12.67439889907837,-0.02400000000000002,-0.018000000000000016
Tr100_Ft500_Cp6,19,0.868,0.904,0.904,0.894,0.926,0.882,5.336672067642212,0.23913121223449707,0.39029788970947266,1.9818370342254639,1.9754769802093506,1.9279422760009766,13.188525915145874,-0.010000000000000009,-0.03200000000000003
Tr100_Ft500_Cp20,0,0.798,0.754,0.734,0.734,0.736,0.692,5.500143051147461,0.22669386863708496,0.4417281150817871,1.9898896217346191,1.9476449489593506,1.912980079650879,12.845108985900879,-0.020000000000000018,-0.0020000000000000018
Tr100_Ft500_Cp20,1,0.802,0.792,0.79,0.712,0.78,0.752,5.455960750579834,0.23276472091674805,0.3870420455932617,1.9449491500854492,1.927173137664795,1.8974518775939941,13.190761089324951,-0.08000000000000007,-0.06800000000000006
Tr100_Ft500_Cp20,2,0.752,0.71,0.694,0.736,0.702,0.738,5.460658311843872,0.2086620330810547,0.38846492767333984,2.0825071334838867,1.9576427936553955,1.9080939292907715,12.932992935180664,0.026000000000000023,0.03400000000000003
Tr100_Ft500_Cp20,3,0.77,0.756,0.766,0.782,0.734,0.758,5.297306060791016,0.22256112098693848,0.40280818939208984,2.129509210586548,2.069553852081299,1.8145220279693604,12.399626970291138,0.026000000000000023,0.04800000000000004
Tr100_Ft500_Cp20,4,0.786,0.652,0.664,0.694,0.692,0.648,5.469308137893677,0.24343180656433105,0.42362499237060547,2.0548641681671143,1.9803390502929688,2.089837074279785,13.100969076156616,0.041999999999999926,0.0020000000000000018
Tr100_Ft500_Cp20,5,0.796,0.782,0.764,0.664,0.648,0.688,5.458269834518433,0.25221896171569824,0.4610612392425537,2.210710048675537,2.0934808254241943,1.969973087310791,12.97593903541565,-0.118,0.016000000000000014
Tr100_Ft500_Cp20,6,0.75,0.78,0.734,0.722,0.696,0.72,5.3265767097473145,0.19419193267822266,0.3390769958496094,1.9979660511016846,1.8314437866210938,1.8792088031768799,12.799596071243286,-0.05800000000000005,0.026000000000000023
Tr100_Ft500_Cp20,7,0.782,0.73,0.73,0.724,0.726,0.732,5.434309959411621,0.22360491752624512,0.4316112995147705,2.0579702854156494,1.9665098190307617,1.8939919471740723,12.8903968334198,-0.006000000000000005,-0.0020000000000000018
Tr100_Ft500_Cp20,8,0.838,0.806,0.818,0.828,0.842,0.824,5.446890830993652,0.2171027660369873,0.37215614318847656,1.9195010662078857,1.9226620197296143,2.044163227081299,12.429888010025024,0.02199999999999991,-0.014000000000000012
Tr100_Ft500_Cp20,9,0.744,0.758,0.766,0.754,0.742,0.742,5.5756049156188965,0.2454228401184082,0.43583011627197266,2.1305930614471436,1.9837472438812256,1.9197208881378174,12.825573205947876,-0.0040000000000000036,0.01200000000000001
Tr100_Ft500_Cp20,10,0.782,0.714,0.716,0.706,0.656,0.706,5.527411937713623,0.20282316207885742,0.3826761245727539,2.1688849925994873,2.006230115890503,2.044196844100952,12.440615892410278,-0.008000000000000007,0.04999999999999993
Tr100_Ft500_Cp20,11,0.79,0.784,0.784,0.762,0.764,0.796,5.4716620445251465,0.2698099613189697,0.3647730350494385,1.9019670486450195,1.8071942329406738,1.819518804550171,13.148643016815186,-0.02200000000000002,-0.0020000000000000018
Tr100_Ft500_Cp20,12,0.752,0.81,0.804,0.784,0.776,0.79,5.471595048904419,0.2130260467529297,0.4290938377380371,2.0891618728637695,1.9959442615509033,2.0130622386932373,12.651546716690063,-0.026000000000000023,0.008000000000000007
Tr100_Ft500_Cp20,13,0.732,0.752,0.758,0.742,0.746,0.74,5.4312732219696045,0.22019600868225098,0.4229140281677246,1.946403980255127,2.8427536487579346,2.7508158683776855,13.060641765594482,-0.010000000000000009,-0.0040000000000000036
Tr100_Ft500_Cp20,14,0.818,0.802,0.816,0.79,0.8,0.792,5.669482946395874,0.23948192596435547,0.44386816024780273,2.178406000137329,2.056912899017334,2.074769973754883,12.871676921844482,-0.01200000000000001,-0.010000000000000009
Tr100_Ft500_Cp20,15,0.788,0.738,0.758,0.758,0.76,0.728,5.643888235092163,0.24568819999694824,0.41262292861938477,2.0648999214172363,2.0658459663391113,2.087958812713623,12.832806825637817,0.020000000000000018,-0.0020000000000000018
Tr100_Ft500_Cp20,16,0.788,0.774,0.782,0.728,0.766,0.814,5.4653849601745605,0.2644829750061035,0.4756801128387451,2.1993017196655273,2.1312379837036133,2.150545835494995,12.504358291625977,-0.04600000000000004,-0.038000000000000034
Tr100_Ft500_Cp20,17,0.774,0.76,0.754,0.764,0.766,0.78,5.515241861343384,0.22271513938903809,0.4970407485961914,2.2708961963653564,2.0197341442108154,2.023740291595459,13.332880020141602,0.0040000000000000036,-0.0020000000000000018
Tr100_Ft500_Cp20,18,0.746,0.76,0.75,0.76,0.766,0.736,5.455383062362671,0.2566208839416504,0.5365169048309326,2.1798079013824463,2.1147282123565674,2.074345827102661,12.621272087097168,0.0,-0.006000000000000005
Tr100_Ft500_Cp20,19,0.786,0.782,0.766,0.75,0.77,0.784,5.451629877090454,0.21779489517211914,0.44782590866088867,2.192460060119629,2.0516388416290283,1.9883289337158203,13.156599044799805,-0.03200000000000003,-0.020000000000000018
Tr400_Ft50_Cp2,0,0.96,0.958,0.956,0.968,0.956,0.96,1.5829041004180908,0.5573492050170898,0.8895609378814697,2.229964017868042,1.8630070686340332,1.7490592002868652,4.436900854110718,0.010000000000000009,0.01200000000000001
Tr400_Ft50_Cp2,1,0.948,0.96,0.96,0.95,0.942,0.95,1.3841040134429932,0.687950849533081,0.935230016708374,1.8556249141693115,1.7061541080474854,1.814546823501587,4.478785037994385,-0.010000000000000009,0.008000000000000007
Tr400_Ft50_Cp2,2,0.974,0.966,0.964,0.964,0.964,0.966,1.2413790225982666,0.5361971855163574,0.6905920505523682,1.6957340240478516,1.5588328838348389,1.5565319061279297,4.132730007171631,-0.0020000000000000018,0.0
Tr400_Ft50_Cp2,3,0.966,0.972,0.974,0.944,0.956,0.966,1.2642240524291992,0.5299749374389648,0.7436628341674805,1.7677247524261475,1.7810211181640625,1.7040200233459473,3.8022470474243164,-0.028000000000000025,-0.01200000000000001
Tr400_Ft50_Cp2,4,0.956,0.952,0.95,0.958,0.954,0.952,1.4414408206939697,0.48320627212524414,0.717275857925415,1.691098928451538,1.6745202541351318,1.6319873332977295,3.9714410305023193,0.006000000000000005,0.0040000000000000036
Tr400_Ft50_Cp2,5,0.948,0.938,0.942,0.936,0.94,0.936,1.3720190525054932,0.4973587989807129,0.7951152324676514,1.965027093887329,1.7100129127502441,1.7141637802124023,4.2510199546813965,-0.0019999999999998908,-0.0039999999999998925
Tr400_Ft50_Cp2,6,0.956,0.94,0.94,0.972,0.958,0.96,1.2467877864837646,0.42349839210510254,0.6401841640472412,1.8064641952514648,1.828362226486206,1.6678428649902344,3.797395944595337,0.03200000000000003,0.014000000000000012
Tr400_Ft50_Cp2,7,0.958,0.96,0.96,0.96,0.968,0.97,1.404205083847046,0.5781559944152832,0.8335428237915039,1.737522840499878,1.6801199913024902,1.6437277793884277,4.260395765304565,0.0,-0.008000000000000007
Tr400_Ft50_Cp2,8,0.964,0.956,0.958,0.954,0.948,0.958,1.3272628784179688,0.5623340606689453,0.76218581199646,2.036940813064575,1.8407740592956543,1.654283046722412,3.799978017807007,-0.0020000000000000018,0.006000000000000005
Tr400_Ft50_Cp2,9,0.962,0.956,0.956,0.956,0.96,0.958,1.342022180557251,0.5298099517822266,0.7364847660064697,1.5922110080718994,1.5591809749603271,1.5498738288879395,4.061219692230225,0.0,-0.0040000000000000036
Tr400_Ft50_Cp2,10,0.966,0.97,0.976,0.984,0.974,0.982,1.388387680053711,0.6105659008026123,0.8842110633850098,1.9831817150115967,1.7999320030212402,1.7047107219696045,4.192611217498779,0.014000000000000012,0.010000000000000009
Tr400_Ft50_Cp2,11,0.978,0.97,0.964,0.968,0.968,0.968,1.4334511756896973,0.6032850742340088,0.8296229839324951,2.1440560817718506,1.7010040283203125,1.6588528156280518,4.10893177986145,-0.0020000000000000018,0.0
Tr400_Ft50_Cp2,12,0.958,0.962,0.96,0.958,0.956,0.954,1.2514371871948242,0.5703670978546143,0.8036191463470459,1.8018088340759277,1.7456209659576416,1.6520719528198242,3.8797948360443115,-0.0040000000000000036,0.0020000000000000018
Tr400_Ft50_Cp2,13,0.956,0.944,0.934,0.952,0.936,0.948,1.4228549003601074,0.4633820056915283,0.6616451740264893,1.8073670864105225,1.5995101928710938,1.5566449165344238,3.893433094024658,0.008000000000000007,0.015999999999999903
Tr400_Ft50_Cp2,14,0.952,0.954,0.944,0.954,0.95,0.938,1.3452889919281006,0.608565092086792,0.8986701965332031,2.2274439334869385,1.715010166168213,1.6984851360321045,3.9566380977630615,0.0,0.0040000000000000036
Tr400_Ft50_Cp2,15,0.97,0.976,0.972,0.98,0.978,0.964,1.3603320121765137,0.5470781326293945,0.7332730293273926,1.7747540473937988,1.6758272647857666,1.6656341552734375,3.951323986053467,0.0040000000000000036,0.0020000000000000018
Tr400_Ft50_Cp2,16,0.964,0.942,0.946,0.932,0.932,0.95,1.3388092517852783,0.6662969589233398,0.9072158336639404,2.2840850353240967,1.9953949451446533,1.7119050025939941,3.8953049182891846,-0.009999999999999898,0.0
Tr400_Ft50_Cp2,17,0.954,0.952,0.952,0.944,0.958,0.94,1.3036510944366455,0.48835206031799316,0.7472350597381592,1.694535255432129,1.621321201324463,1.6221840381622314,4.299776077270508,-0.008000000000000007,-0.014000000000000012
Tr400_Ft50_Cp2,18,0.956,0.95,0.956,0.944,0.94,0.94,1.3571279048919678,0.5230450630187988,0.7674450874328613,1.6066718101501465,1.6144931316375732,1.5853590965270996,4.162823915481567,-0.006000000000000005,0.0040000000000000036
Tr400_Ft50_Cp2,19,0.956,0.964,0.962,0.962,0.964,0.956,1.3278429508209229,0.6062140464782715,0.832247257232666,1.9665992259979248,1.6625957489013672,1.552191972732544,4.24450421333313,-0.0020000000000000018,-0.0020000000000000018
Tr400_Ft50_Cp6,0,0.962,0.928,0.93,0.924,0.914,0.934,1.413055181503296,0.4763660430908203,0.7528092861175537,1.6647038459777832,1.625290870666504,1.7530388832092285,4.444972991943359,-0.0040000000000000036,0.010000000000000009
Tr400_Ft50_Cp6,1,0.93,0.916,0.916,0.888,0.894,0.9,1.565352201461792,0.6133308410644531,0.846545934677124,1.7595129013061523,1.6894819736480713,1.6455581188201904,4.0398969650268555,-0.028000000000000025,-0.006000000000000005
Tr400_Ft50_Cp6,2,0.946,0.934,0.94,0.914,0.91,0.906,1.3319900035858154,0.5549588203430176,0.7986879348754883,1.8468148708343506,1.6400938034057617,1.6778388023376465,4.469285249710083,-0.020000000000000018,0.0040000000000000036
Tr400_Ft50_Cp6,3,0.952,0.94,0.938,0.932,0.942,0.936,1.371124267578125,0.4224538803100586,0.6721291542053223,1.6464650630950928,1.6177031993865967,1.6551470756530762,4.130879163742065,-0.007999999999999896,-0.009999999999999898
Tr400_Ft50_Cp6,4,0.914,0.918,0.926,0.93,0.936,0.932,1.4417030811309814,0.5525369644165039,0.7948951721191406,1.7557291984558105,1.7199339866638184,1.6727418899536133,4.305490016937256,0.01200000000000001,-0.006000000000000005
Tr400_Ft50_Cp6,5,0.932,0.94,0.944,0.926,0.94,0.926,1.502002239227295,0.6784591674804688,0.9352250099182129,2.162935972213745,1.6753311157226562,1.6572628021240234,4.104856729507446,-0.013999999999999901,-0.013999999999999901
Tr400_Ft50_Cp6,6,0.96,0.95,0.95,0.948,0.946,0.94,1.2978429794311523,0.4927701950073242,0.7428431510925293,1.6273159980773926,1.6172521114349365,1.6126329898834229,4.029467821121216,-0.0020000000000000018,0.0020000000000000018
Tr400_Ft50_Cp6,7,0.96,0.938,0.938,0.946,0.94,0.936,1.3726279735565186,0.563809871673584,0.8373289108276367,2.0797581672668457,1.7499110698699951,1.71468186378479,3.9305789470672607,0.008000000000000007,0.006000000000000005
Tr400_Ft50_Cp6,8,0.932,0.928,0.922,0.926,0.934,0.92,1.3608040809631348,0.5406222343444824,0.7700228691101074,1.9407601356506348,1.7294490337371826,1.686898946762085,3.6498239040374756,-0.0020000000000000018,-0.008000000000000007
Tr400_Ft50_Cp6,9,0.918,0.91,0.92,0.904,0.916,0.914,1.4709620475769043,0.5871939659118652,0.7964420318603516,1.6827261447906494,1.6740200519561768,1.7618350982666016,4.218050003051758,-0.006000000000000005,-0.01200000000000001
Tr400_Ft50_Cp6,10,0.934,0.916,0.918,0.916,0.93,0.91,1.5386931896209717,0.4653050899505615,0.6369538307189941,1.8517000675201416,1.5237829685211182,1.6103007793426514,4.284580707550049,0.0,-0.014000000000000012
Tr400_Ft50_Cp6,11,0.942,0.942,0.936,0.928,0.93,0.934,1.3825180530548096,0.7106359004974365,0.962238073348999,2.3717360496520996,2.191230058670044,1.9087820053100586,4.283151865005493,-0.013999999999999901,-0.0020000000000000018
Tr400_Ft50_Cp6,12,0.944,0.942,0.94,0.958,0.94,0.948,1.4347257614135742,0.4874870777130127,0.6934099197387695,1.6712799072265625,1.5786807537078857,1.648758888244629,4.0634260177612305,0.016000000000000014,0.018000000000000016
Tr400_Ft50_Cp6,13,0.952,0.944,0.942,0.94,0.93,0.93,1.555840015411377,0.4962167739868164,0.769892692565918,1.795409917831421,1.6375019550323486,1.7019059658050537,4.5059709548950195,-0.0040000000000000036,0.009999999999999898
Tr400_Ft50_Cp6,14,0.944,0.934,0.926,0.922,0.916,0.91,1.5208709239959717,0.5070888996124268,0.7570531368255615,1.8172178268432617,1.6294779777526855,1.6928157806396484,4.090031147003174,-0.01200000000000001,0.006000000000000005
Tr400_Ft50_Cp6,15,0.93,0.932,0.934,0.93,0.916,0.922,1.456367015838623,0.5222289562225342,0.8071260452270508,1.7944791316986084,1.6859111785888672,1.65693998336792,4.175006866455078,-0.0020000000000000018,0.014000000000000012
Tr400_Ft50_Cp6,16,0.936,0.94,0.936,0.92,0.92,0.93,1.6075770854949951,0.470639705657959,0.689946174621582,1.6968481540679932,1.6411457061767578,1.6387519836425781,4.416056871414185,-0.019999999999999907,0.0
Tr400_Ft50_Cp6,17,0.956,0.93,0.922,0.896,0.916,0.904,1.3872361183166504,0.6577010154724121,0.8897988796234131,2.168675184249878,1.5938231945037842,1.8012139797210693,4.28298282623291,-0.03400000000000003,-0.020000000000000018
Tr400_Ft50_Cp6,18,0.944,0.946,0.946,0.944,0.946,0.95,1.4347620010375977,0.5438327789306641,0.8001589775085449,1.9702112674713135,1.6558001041412354,1.6251771450042725,4.658796072006226,-0.0020000000000000018,-0.0020000000000000018
Tr400_Ft50_Cp6,19,0.934,0.944,0.942,0.906,0.918,0.932,1.4147322177886963,0.5694990158081055,0.8974828720092773,2.247922897338867,2.0521039962768555,1.7563152313232422,4.449099779129028,-0.03799999999999992,-0.01200000000000001
Tr400_Ft50_Cp20,0,0.924,0.922,0.92,0.894,0.874,0.902,1.4531450271606445,0.6432108879089355,0.8596792221069336,2.24697208404541,1.9453811645507812,1.7711589336395264,4.374522924423218,-0.028000000000000025,0.020000000000000018
Tr400_Ft50_Cp20,1,0.872,0.87,0.872,0.882,0.832,0.868,1.4643330574035645,0.6201472282409668,0.9114477634429932,2.324186086654663,2.2875640392303467,2.173128843307495,4.498426198959351,0.01200000000000001,0.050000000000000044
Tr400_Ft50_Cp20,2,0.882,0.888,0.884,0.868,0.868,0.874,1.5818769931793213,0.5059561729431152,0.8373699188232422,1.8558008670806885,1.7491350173950195,1.6878609657287598,4.1209259033203125,-0.020000000000000018,0.0
Tr400_Ft50_Cp20,3,0.906,0.898,0.89,0.89,0.884,0.904,1.5154869556427002,0.4662637710571289,0.7767279148101807,1.8197810649871826,1.9070639610290527,1.8782758712768555,4.115814208984375,-0.008000000000000007,0.006000000000000005
Tr400_Ft50_Cp20,4,0.886,0.878,0.866,0.872,0.87,0.858,1.43821120262146,0.555966854095459,0.7737610340118408,2.1520707607269287,1.8846280574798584,1.7057950496673584,4.519052982330322,-0.006000000000000005,0.0020000000000000018
Tr400_Ft50_Cp20,5,0.886,0.864,0.852,0.864,0.868,0.844,1.608398199081421,0.6097447872161865,0.8847181797027588,2.354001998901367,1.9624757766723633,1.7653398513793945,4.528741836547852,0.0,-0.0040000000000000036
Tr400_Ft50_Cp20,6,0.914,0.912,0.892,0.882,0.876,0.89,1.4603960514068604,0.610245943069458,0.8661599159240723,1.8485560417175293,1.6690471172332764,1.7381150722503662,4.9116339683532715,-0.030000000000000027,0.006000000000000005
Tr400_Ft50_Cp20,7,0.908,0.876,0.866,0.874,0.85,0.86,1.5589089393615723,0.6563231945037842,0.8975491523742676,2.0471460819244385,1.6795759201049805,1.6410679817199707,4.826110363006592,-0.0020000000000000018,0.02400000000000002
Tr400_Ft50_Cp20,8,0.9,0.904,0.904,0.856,0.846,0.872,1.7088780403137207,0.5327811241149902,0.7664327621459961,1.7644860744476318,1.6914219856262207,1.707913875579834,4.671833038330078,-0.04800000000000004,0.010000000000000009
Tr400_Ft50_Cp20,9,0.884,0.892,0.882,0.874,0.874,0.862,1.4927458763122559,0.5356779098510742,0.8728299140930176,2.059187173843384,1.833570957183838,1.6477229595184326,4.250112056732178,-0.018000000000000016,0.0
Tr400_Ft50_Cp20,10,0.908,0.884,0.878,0.89,0.898,0.874,1.4543027877807617,0.450153112411499,0.6969950199127197,1.7314069271087646,1.5584731101989746,1.5494670867919922,4.495233058929443,0.006000000000000005,-0.008000000000000007
Tr400_Ft50_Cp20,11,0.916,0.882,0.868,0.86,0.874,0.866,1.3530948162078857,0.6172740459442139,0.8336267471313477,1.6647801399230957,1.7056241035461426,1.631892204284668,4.103164911270142,-0.02200000000000002,-0.014000000000000012
Tr400_Ft50_Cp20,12,0.894,0.868,0.864,0.846,0.862,0.84,1.4200310707092285,0.5155618190765381,0.6924059391021729,1.7405078411102295,1.6256518363952637,1.626267910003662,3.6797850131988525,-0.02200000000000002,-0.016000000000000014
Tr400_Ft50_Cp20,13,0.908,0.912,0.906,0.894,0.898,0.906,1.5713379383087158,0.5707051753997803,0.8086850643157959,1.8040292263031006,1.7001841068267822,1.7475519180297852,4.010712146759033,-0.018000000000000016,-0.0040000000000000036
Tr400_Ft50_Cp20,14,0.888,0.898,0.886,0.854,0.86,0.88,1.418053150177002,0.5406720638275146,0.7962198257446289,1.690967082977295,1.5793123245239258,1.6800050735473633,3.8756961822509766,-0.04400000000000004,-0.006000000000000005
Tr400_Ft50_Cp20,15,0.898,0.906,0.912,0.892,0.888,0.89,1.4316298961639404,0.5409398078918457,0.8731858730316162,2.158257007598877,1.7546658515930176,1.481801986694336,4.2891011238098145,-0.014000000000000012,0.0040000000000000036
Tr400_Ft50_Cp20,16,0.91,0.892,0.89,0.892,0.892,0.89,1.2629339694976807,0.3898169994354248,0.6258320808410645,1.8038389682769775,1.6927900314331055,1.6446781158447266,4.0705530643463135,0.0,0.0
Tr400_Ft50_Cp20,17,0.886,0.888,0.874,0.886,0.86,0.872,1.5012118816375732,0.585623025894165,0.8119359016418457,1.9846327304840088,1.7280447483062744,1.7319269180297852,4.202270984649658,-0.0020000000000000018,0.026000000000000023
Tr400_Ft50_Cp20,18,0.894,0.898,0.892,0.902,0.904,0.902,1.2802786827087402,0.6189992427825928,0.7765898704528809,1.6292798519134521,1.5447096824645996,1.5470139980316162,4.400127172470093,0.0040000000000000036,-0.0020000000000000018
Tr400_Ft50_Cp20,19,0.908,0.91,0.894,0.876,0.878,0.89,1.3638269901275635,0.45010805130004883,0.6760399341583252,1.6510350704193115,1.6505749225616455,1.655573844909668,3.8829240798950195,-0.03400000000000003,-0.0020000000000000018
Tr400_Ft200_Cp2,0,0.956,0.962,0.962,0.966,0.97,0.96,5.163828134536743,0.3919689655303955,0.6343178749084473,3.7166407108306885,3.8275656700134277,3.84657621383667,16.122346878051758,0.0040000000000000036,-0.0040000000000000036
Tr400_Ft200_Cp2,1,0.956,0.962,0.96,0.972,0.956,0.962,4.468883037567139,0.3663599491119385,0.6595499515533447,3.8882269859313965,3.7929868698120117,3.7759768962860107,15.360272884368896,0.010000000000000009,0.016000000000000014
Tr400_Ft200_Cp2,2,0.964,0.964,0.966,0.956,0.962,0.964,4.2932538986206055,0.34824609756469727,0.5708060264587402,3.546391248703003,3.4816272258758545,3.5136878490448,15.000827074050903,-0.008000000000000007,-0.006000000000000005
Tr400_Ft200_Cp2,3,0.948,0.972,0.966,0.982,0.976,0.98,4.522418022155762,0.3372080326080322,0.552077054977417,3.514802932739258,3.5854949951171875,3.6383678913116455,15.085696935653687,0.010000000000000009,0.006000000000000005
Tr400_Ft200_Cp2,4,0.968,0.974,0.964,0.966,0.962,0.964,4.411300897598267,0.3667261600494385,0.5751841068267822,3.5247490406036377,3.5425899028778076,3.5261151790618896,14.216715812683105,-0.008000000000000007,0.0040000000000000036
Tr400_Ft200_Cp2,5,0.976,0.972,0.972,0.97,0.972,0.974,4.467584133148193,0.3381969928741455,0.5722310543060303,3.5909180641174316,3.5491302013397217,3.4952261447906494,14.230775833129883,-0.0020000000000000018,-0.0020000000000000018
Tr400_Ft200_Cp2,6,0.95,0.956,0.95,0.964,0.942,0.944,4.100744962692261,0.31786632537841797,0.5533349514007568,3.5047550201416016,3.5215978622436523,3.494767189025879,13.917538166046143,0.008000000000000007,0.02200000000000002
Tr400_Ft200_Cp2,7,0.958,0.968,0.97,0.98,0.978,0.972,4.393160104751587,0.3643481731414795,0.6275138854980469,3.6861369609832764,3.6337969303131104,3.572129726409912,14.532772064208984,0.01200000000000001,0.0020000000000000018
Tr400_Ft200_Cp2,8,0.938,0.964,0.964,0.97,0.96,0.96,4.497236967086792,0.37857985496520996,0.5789480209350586,3.7662880420684814,3.6158788204193115,3.6272730827331543,14.401188135147095,0.006000000000000005,0.010000000000000009
Tr400_Ft200_Cp2,9,0.95,0.976,0.974,0.968,0.97,0.97,4.520625829696655,0.3665330410003662,0.6079530715942383,3.7150819301605225,3.6925487518310547,3.7011168003082275,13.998329162597656,-0.008000000000000007,-0.0020000000000000018
Tr400_Ft200_Cp2,10,0.944,0.964,0.956,0.958,0.966,0.956,4.714640140533447,0.32692909240722656,0.5730547904968262,3.6322479248046875,3.58479905128479,3.651081085205078,13.946227788925171,-0.006000000000000005,-0.008000000000000007
Tr400_Ft200_Cp2,11,0.948,0.956,0.964,0.966,0.964,0.956,4.438249111175537,0.3792228698730469,0.5937469005584717,3.6476237773895264,3.682908773422241,3.625685930252075,14.957049131393433,0.010000000000000009,0.0020000000000000018
Tr400_Ft200_Cp2,12,0.956,0.97,0.962,0.966,0.97,0.968,4.594162940979004,0.36364006996154785,0.6081552505493164,3.649907350540161,3.6462600231170654,3.6685471534729004,14.718319177627563,-0.0040000000000000036,-0.0040000000000000036
Tr400_Ft200_Cp2,13,0.962,0.966,0.968,0.958,0.964,0.954,4.6269776821136475,0.39191102981567383,0.607003927230835,3.7579801082611084,3.645803213119507,3.7084028720855713,15.482325077056885,-0.008000000000000007,-0.006000000000000005
Tr400_Ft200_Cp2,14,0.946,0.972,0.974,0.96,0.974,0.964,4.514531850814819,0.3308889865875244,0.5666310787200928,3.653813123703003,3.719371795654297,3.613323211669922,14.685423135757446,-0.01200000000000001,-0.014000000000000012
Tr400_Ft200_Cp2,15,0.962,0.97,0.972,0.97,0.97,0.966,4.380500078201294,0.3255307674407959,0.572472095489502,3.736845016479492,3.6125948429107666,3.620633125305176,14.106695890426636,0.0,0.0
Tr400_Ft200_Cp2,16,0.96,0.976,0.974,0.974,0.976,0.976,4.325423002243042,0.33647680282592773,0.5788617134094238,3.421733856201172,3.512300729751587,3.4947609901428223,13.833835124969482,-0.0020000000000000018,-0.0020000000000000018
Tr400_Ft200_Cp2,17,0.954,0.968,0.966,0.972,0.97,0.96,4.267055034637451,0.361555814743042,0.6149132251739502,3.741968870162964,3.7520651817321777,3.7066268920898438,13.87978219985962,0.0040000000000000036,0.0020000000000000018
Tr400_Ft200_Cp2,18,0.95,0.958,0.96,0.966,0.97,0.964,4.698664903640747,0.37657785415649414,0.6302070617675781,3.769070863723755,3.7316110134124756,3.6826651096343994,14.600900173187256,0.008000000000000007,-0.0040000000000000036
Tr400_Ft200_Cp2,19,0.966,0.97,0.97,0.97,0.976,0.96,4.537251234054565,0.339932918548584,0.5825808048248291,3.6894562244415283,3.715522050857544,3.652195930480957,14.078850030899048,0.0,-0.006000000000000005
Tr400_Ft200_Cp6,0,0.932,0.93,0.928,0.942,0.936,0.932,4.592586994171143,0.384594202041626,0.6235058307647705,3.822432041168213,3.849881172180176,3.8427951335906982,14.951336145401001,0.0119999999999999,0.005999999999999894
Tr400_Ft200_Cp6,1,0.932,0.948,0.94,0.948,0.954,0.948,4.89142107963562,0.34032201766967773,0.5804309844970703,3.597059965133667,3.5844647884368896,3.680967330932617,14.106849908828735,0.0,-0.006000000000000005
Tr400_Ft200_Cp6,2,0.91,0.94,0.93,0.926,0.934,0.918,4.107508897781372,0.3532538414001465,0.5809800624847412,3.736629009246826,3.651298999786377,3.713580846786499,14.026340246200562,-0.013999999999999901,-0.008000000000000007
Tr400_Ft200_Cp6,3,0.93,0.938,0.93,0.92,0.918,0.918,5.031152009963989,0.3633410930633545,0.5811257362365723,3.5998950004577637,3.4998672008514404,3.6099400520324707,15.854023933410645,-0.017999999999999905,0.0020000000000000018
Tr400_Ft200_Cp6,4,0.91,0.926,0.92,0.934,0.928,0.926,4.500455856323242,0.3765418529510498,0.6001348495483398,3.7431719303131104,3.709156036376953,3.761262893676758,14.121369123458862,0.008000000000000007,0.006000000000000005
Tr400_Ft200_Cp6,5,0.924,0.936,0.926,0.94,0.93,0.928,4.287139177322388,0.32511305809020996,0.5745999813079834,3.61970591545105,3.603563070297241,3.621478796005249,14.411619901657104,0.0039999999999998925,0.009999999999999898
Tr400_Ft200_Cp6,6,0.94,0.936,0.932,0.918,0.914,0.908,4.760870695114136,0.3843960762023926,0.6357488632202148,3.840773105621338,3.999920129776001,3.862034797668457,14.532048225402832,-0.018000000000000016,0.0040000000000000036
Tr400_Ft200_Cp6,7,0.934,0.944,0.938,0.948,0.94,0.944,4.932583808898926,0.3670201301574707,0.6146519184112549,3.719871997833252,3.8112242221832275,3.6796977519989014,15.105875968933105,0.0040000000000000036,0.008000000000000007
Tr400_Ft200_Cp6,8,0.938,0.936,0.93,0.938,0.944,0.948,4.308443069458008,0.34339404106140137,0.6023209095001221,3.694967031478882,3.674588918685913,3.605443239212036,15.19554090499878,0.0019999999999998908,-0.006000000000000005
Tr400_Ft200_Cp6,9,0.908,0.93,0.924,0.92,0.926,0.904,4.744668960571289,0.3615851402282715,0.58837890625,3.6395158767700195,3.617832899093628,3.559020757675171,14.610222101211548,-0.010000000000000009,-0.006000000000000005
Tr400_Ft200_Cp6,10,0.948,0.944,0.942,0.966,0.938,0.954,4.990458726882935,0.40186095237731934,0.6609740257263184,3.7601940631866455,3.77439284324646,3.763780117034912,15.687195301055908,0.02200000000000002,0.028000000000000025
Tr400_Ft200_Cp6,11,0.932,0.948,0.954,0.93,0.956,0.938,4.3906731605529785,0.33944010734558105,0.5932650566101074,3.587757110595703,3.6331870555877686,3.568370819091797,14.734147787094116,-0.017999999999999905,-0.025999999999999912
Tr400_Ft200_Cp6,12,0.928,0.94,0.938,0.94,0.936,0.94,4.4856061935424805,0.354874849319458,0.6044051647186279,3.8490309715270996,3.644490957260132,3.730286121368408,14.507724046707153,0.0,0.0039999999999998925
Tr400_Ft200_Cp6,13,0.916,0.954,0.946,0.95,0.942,0.936,4.307664155960083,0.3459310531616211,0.6145610809326172,3.6790268421173096,3.61938214302063,3.609829902648926,14.679260969161987,-0.0040000000000000036,0.008000000000000007
Tr400_Ft200_Cp6,14,0.95,0.934,0.93,0.944,0.946,0.932,4.308598041534424,0.33624863624572754,0.5845379829406738,3.628740072250366,3.645146131515503,3.6419520378112793,14.637724161148071,0.009999999999999898,-0.0020000000000000018
Tr400_Ft200_Cp6,15,0.906,0.938,0.94,0.928,0.942,0.94,4.767035961151123,0.37071681022644043,0.636472225189209,3.7224371433258057,3.64433217048645,3.8263211250305176,14.831413984298706,-0.009999999999999898,-0.013999999999999901
Tr400_Ft200_Cp6,16,0.95,0.95,0.954,0.946,0.954,0.95,4.400920152664185,0.34143781661987305,0.599494218826294,3.7524349689483643,3.7188520431518555,3.782175064086914,14.84769892692566,-0.0040000000000000036,-0.008000000000000007
Tr400_Ft200_Cp6,17,0.934,0.936,0.936,0.924,0.924,0.942,4.5208518505096436,0.40469813346862793,0.6144280433654785,3.6925809383392334,3.6193528175354004,3.652229070663452,14.274899959564209,-0.01200000000000001,0.0
Tr400_Ft200_Cp6,18,0.934,0.936,0.942,0.948,0.948,0.944,4.457349061965942,0.3559229373931885,0.5730550289154053,3.566227912902832,3.5455191135406494,3.532226085662842,14.12152886390686,0.0119999999999999,0.0
Tr400_Ft200_Cp6,19,0.946,0.954,0.94,0.928,0.95,0.956,4.5893168449401855,0.3653700351715088,0.5715720653533936,3.5673768520355225,3.499484062194824,3.4754929542541504,14.52236795425415,-0.025999999999999912,-0.02199999999999991
Tr400_Ft200_Cp20,0,0.878,0.89,0.904,0.89,0.874,0.876,4.754185914993286,0.3411269187927246,0.559002161026001,3.482020139694214,3.4745659828186035,3.4700028896331787,14.800532102584839,0.0,0.016000000000000014
Tr400_Ft200_Cp20,1,0.89,0.876,0.88,0.838,0.864,0.864,4.68330192565918,0.4125182628631592,0.6510651111602783,3.8639678955078125,4.030869007110596,3.9184987545013428,14.785802125930786,-0.038000000000000034,-0.026000000000000023
Tr400_Ft200_Cp20,2,0.894,0.868,0.862,0.874,0.868,0.85,4.303252935409546,0.35381507873535156,0.5758309364318848,3.5933308601379395,3.5983009338378906,3.663970947265625,14.435492277145386,0.006000000000000005,0.006000000000000005
Tr400_Ft200_Cp20,3,0.886,0.89,0.876,0.836,0.842,0.862,4.3877480030059814,0.39004993438720703,0.6152241230010986,3.658911943435669,3.6397430896759033,3.6068949699401855,14.497094869613647,-0.05400000000000005,-0.006000000000000005
Tr400_Ft200_Cp20,4,0.89,0.886,0.876,0.84,0.858,0.836,5.02830696105957,0.409574031829834,0.6517839431762695,3.868981122970581,3.809628963470459,3.8039822578430176,14.99224328994751,-0.04600000000000004,-0.018000000000000016
Tr400_Ft200_Cp20,5,0.87,0.884,0.878,0.858,0.864,0.852,4.740825891494751,0.34946203231811523,0.5636570453643799,3.6226470470428467,3.6340043544769287,3.5705580711364746,15.442909955978394,-0.026000000000000023,-0.006000000000000005
Tr400_Ft200_Cp20,6,0.87,0.862,0.864,0.852,0.846,0.838,4.726662874221802,0.3756239414215088,0.6594712734222412,3.716215133666992,3.679814100265503,3.5854332447052,14.39452314376831,-0.010000000000000009,0.006000000000000005
Tr400_Ft200_Cp20,7,0.9,0.884,0.872,0.876,0.87,0.884,4.570892810821533,0.3884251117706299,0.6097860336303711,3.688936948776245,3.6485722064971924,3.64748215675354,14.493892192840576,-0.008000000000000007,0.006000000000000005
Tr400_Ft200_Cp20,8,0.866,0.868,0.852,0.862,0.86,0.866,4.818266153335571,0.3881378173828125,0.614372968673706,3.7432992458343506,3.6331450939178467,3.6646382808685303,14.816096067428589,-0.006000000000000005,0.0020000000000000018
Tr400_Ft200_Cp20,9,0.902,0.92,0.92,0.92,0.912,0.904,4.762502193450928,0.37125492095947266,0.6416380405426025,3.74558424949646,3.7972159385681152,3.8098068237304688,14.47569489479065,0.0,0.008000000000000007
Tr400_Ft200_Cp20,10,0.892,0.908,0.914,0.872,0.89,0.898,4.485261678695679,0.35248589515686035,0.579031229019165,3.704288959503174,3.6666040420532227,3.6792027950286865,14.46544098854065,-0.03600000000000003,-0.018000000000000016
Tr400_Ft200_Cp20,11,0.88,0.9,0.9,0.894,0.902,0.894,5.005052089691162,0.3976140022277832,0.6156618595123291,3.759909152984619,3.6726579666137695,3.6933109760284424,15.030425786972046,-0.006000000000000005,-0.008000000000000007
Tr400_Ft200_Cp20,12,0.878,0.896,0.884,0.88,0.876,0.872,4.417933702468872,0.34719204902648926,0.6138100624084473,3.651776075363159,3.6849400997161865,3.7883269786834717,14.321210145950317,-0.016000000000000014,0.0040000000000000036
Tr400_Ft200_Cp20,13,0.914,0.88,0.876,0.858,0.876,0.862,5.128090858459473,0.4372410774230957,0.6823379993438721,3.780845880508423,3.7851128578186035,3.7086501121520996,15.718205213546753,-0.02200000000000002,-0.018000000000000016
Tr400_Ft200_Cp20,14,0.872,0.892,0.892,0.86,0.854,0.88,5.137885808944702,0.3953590393066406,0.6534161567687988,3.86783504486084,3.777190923690796,3.781440019607544,15.305070161819458,-0.03200000000000003,0.006000000000000005
Tr400_Ft200_Cp20,15,0.88,0.874,0.872,0.876,0.868,0.886,4.8269548416137695,0.33235883712768555,0.5757689476013184,3.6510159969329834,3.641893148422241,3.729088068008423,14.701012134552002,0.0020000000000000018,0.008000000000000007
Tr400_Ft200_Cp20,16,0.862,0.856,0.856,0.826,0.844,0.858,4.590446949005127,0.4122629165649414,0.6507980823516846,3.7964370250701904,3.8294241428375244,3.626556158065796,15.370573043823242,-0.030000000000000027,-0.018000000000000016
Tr400_Ft200_Cp20,17,0.914,0.902,0.898,0.872,0.88,0.85,4.629226922988892,0.4109208583831787,0.6172559261322021,3.8219611644744873,3.8136088848114014,3.717007875442505,15.75633192062378,-0.030000000000000027,-0.008000000000000007
Tr400_Ft200_Cp20,18,0.898,0.872,0.878,0.876,0.886,0.872,4.414543867111206,0.37761688232421875,0.5994300842285156,3.6974499225616455,3.672136068344116,3.649815082550049,14.214010000228882,0.0040000000000000036,-0.010000000000000009
Tr400_Ft200_Cp20,19,0.87,0.868,0.862,0.85,0.874,0.864,4.781718969345093,0.3713078498840332,0.6358110904693604,3.772726058959961,3.7336440086364746,3.7391726970672607,15.225415229797363,-0.018000000000000016,-0.02400000000000002
Tr400_Ft500_Cp2,0,0.92,0.964,0.96,0.954,0.974,0.964,10.82943606376648,0.3900110721588135,0.5848629474639893,6.932924032211304,6.81016993522644,6.8743181228637695,37.376025915145874,-0.010000000000000009,-0.020000000000000018
Tr400_Ft500_Cp2,1,0.948,0.984,0.982,0.978,0.982,0.968,11.581758975982666,0.40309906005859375,0.63425612449646,7.065235137939453,6.846807241439819,6.94552206993103,37.28426122665405,-0.006000000000000005,-0.0040000000000000036
Tr400_Ft500_Cp2,2,0.96,0.984,0.984,0.978,0.98,0.98,11.776931762695312,0.33365821838378906,0.566824197769165,6.881857872009277,6.866109132766724,6.7668280601501465,36.32152605056763,-0.006000000000000005,-0.0020000000000000018
Tr400_Ft500_Cp2,3,0.94,0.984,0.98,0.978,0.984,0.982,11.577340126037598,0.40820980072021484,0.5993390083312988,6.934272050857544,6.827028036117554,6.87406325340271,37.640875816345215,-0.006000000000000005,-0.006000000000000005
Tr400_Ft500_Cp2,4,0.93,0.97,0.97,0.978,0.976,0.964,11.248305797576904,0.401627779006958,0.6513290405273438,7.084427118301392,7.026786804199219,6.951355934143066,36.754868030548096,0.008000000000000007,0.0020000000000000018
Tr400_Ft500_Cp2,5,0.94,0.976,0.978,0.986,0.986,0.97,12.040534019470215,0.43401288986206055,0.6515052318572998,7.137661933898926,6.9451680183410645,7.059114933013916,38.21242594718933,0.010000000000000009,0.0
Tr400_Ft500_Cp2,6,0.952,0.984,0.984,0.982,0.98,0.982,12.002516984939575,0.401094913482666,0.6304888725280762,7.079807996749878,7.028322219848633,6.956147193908691,36.62931489944458,-0.0020000000000000018,0.0020000000000000018
Tr400_Ft500_Cp2,7,0.93,0.962,0.964,0.97,0.976,0.964,11.786383867263794,0.3535909652709961,0.5624969005584717,6.926997900009155,6.92323899269104,6.8082098960876465,39.216336250305176,0.008000000000000007,-0.006000000000000005
Tr400_Ft500_Cp2,8,0.956,0.966,0.966,0.976,0.986,0.982,12.223307132720947,0.40050315856933594,0.6225361824035645,6.8914899826049805,6.963737964630127,6.889458894729614,38.47571396827698,0.010000000000000009,-0.010000000000000009
Tr400_Ft500_Cp2,9,0.908,0.962,0.964,0.968,0.968,0.968,11.486937046051025,0.3558948040008545,0.6252002716064453,6.9642980098724365,6.998504400253296,6.937353134155273,37.65236687660217,0.006000000000000005,0.0
Tr400_Ft500_Cp2,10,0.95,0.966,0.968,0.974,0.976,0.96,12.067745923995972,0.43558502197265625,0.6697788238525391,7.133345127105713,7.050908088684082,7.023132085800171,39.109891176223755,0.008000000000000007,-0.0020000000000000018
Tr400_Ft500_Cp2,11,0.936,0.982,0.978,0.97,0.982,0.966,11.534807920455933,0.3567769527435303,0.5945942401885986,6.953776121139526,6.957977056503296,6.907989025115967,37.26613903045654,-0.01200000000000001,-0.01200000000000001
Tr400_Ft500_Cp2,12,0.964,0.968,0.97,0.966,0.986,0.946,11.599329948425293,0.4162149429321289,0.6095969676971436,7.0470969676971436,7.030596017837524,6.944488048553467,37.82256007194519,-0.0020000000000000018,-0.020000000000000018
Tr400_Ft500_Cp2,13,0.94,0.962,0.962,0.966,0.968,0.964,11.898449897766113,0.3579280376434326,0.5891239643096924,7.084441900253296,6.89827299118042,6.978698968887329,38.22699999809265,0.0040000000000000036,-0.0020000000000000018
Tr400_Ft500_Cp2,14,0.936,0.968,0.968,0.98,0.97,0.962,11.933769941329956,0.4019131660461426,0.664703369140625,7.348528146743774,7.260991096496582,7.19357705116272,38.83549904823303,0.01200000000000001,0.010000000000000009
Tr400_Ft500_Cp2,15,0.912,0.948,0.952,0.964,0.954,0.956,12.009571075439453,0.35392212867736816,0.6220552921295166,7.036530017852783,6.883970260620117,6.891962051391602,38.563612937927246,0.016000000000000014,0.010000000000000009
Tr400_Ft500_Cp2,16,0.948,0.978,0.982,0.98,0.984,0.982,12.17501187324524,0.3422369956970215,0.568112850189209,6.862285137176514,6.884162187576294,6.8510401248931885,36.968552350997925,0.0020000000000000018,-0.0040000000000000036
Tr400_Ft500_Cp2,17,0.936,0.96,0.964,0.96,0.964,0.97,11.502447843551636,0.3826138973236084,0.6585359573364258,6.999773979187012,6.844233989715576,6.878779172897339,37.19309425354004,0.0,-0.0040000000000000036
Tr400_Ft500_Cp2,18,0.946,0.972,0.974,0.972,0.976,0.966,11.779399871826172,0.3601231575012207,0.5684306621551514,6.755125045776367,6.676610231399536,6.637365102767944,37.09126305580139,0.0,-0.0040000000000000036
Tr400_Ft500_Cp2,19,0.932,0.95,0.946,0.94,0.96,0.958,11.370111227035522,0.3963332176208496,0.6872460842132568,7.6526899337768555,7.0396647453308105,7.053084135055542,40.94756317138672,-0.010000000000000009,-0.020000000000000018
Tr400_Ft500_Cp6,0,0.926,0.966,0.966,0.958,0.956,0.962,11.878767251968384,0.44268202781677246,0.6720209121704102,7.30522894859314,7.280170917510986,7.029247999191284,38.423930168151855,-0.008000000000000007,0.0020000000000000018
Tr400_Ft500_Cp6,1,0.924,0.94,0.938,0.934,0.934,0.93,11.465856075286865,0.39327096939086914,0.6487982273101807,7.279945135116577,6.933279037475586,7.3129189014434814,37.38035774230957,-0.005999999999999894,0.0
Tr400_Ft500_Cp6,2,0.93,0.946,0.95,0.938,0.948,0.948,11.407509088516235,0.35129499435424805,0.617286205291748,7.022795915603638,7.119009733200073,7.079540967941284,36.337193965911865,-0.008000000000000007,-0.010000000000000009
Tr400_Ft500_Cp6,3,0.918,0.958,0.952,0.958,0.956,0.95,11.890802145004272,0.33700084686279297,0.5710561275482178,7.180701971054077,7.329711198806763,7.416872978210449,37.16753315925598,0.0,0.0020000000000000018
Tr400_Ft500_Cp6,4,0.888,0.95,0.942,0.926,0.92,0.926,12.97743535041809,0.35739707946777344,0.599017858505249,7.309070110321045,7.0602686405181885,7.224707841873169,38.685887813568115,-0.02399999999999991,0.006000000000000005
Tr400_Ft500_Cp6,5,0.91,0.948,0.944,0.948,0.946,0.952,11.539917707443237,0.39771485328674316,0.6099250316619873,6.823241233825684,6.770315885543823,6.757467985153198,36.37042713165283,0.0,0.0020000000000000018
Tr400_Ft500_Cp6,6,0.918,0.952,0.952,0.944,0.952,0.946,11.72300386428833,0.4340221881866455,0.6502089500427246,6.891941785812378,7.302903175354004,7.083081960678101,44.07485795021057,-0.008000000000000007,-0.008000000000000007
Tr400_Ft500_Cp6,7,0.926,0.928,0.93,0.932,0.922,0.926,10.668576002120972,0.42919206619262695,0.6210098266601562,7.3569700717926025,7.129807949066162,6.89696192741394,39.81542706489563,0.0040000000000000036,0.010000000000000009
Tr400_Ft500_Cp6,8,0.912,0.962,0.95,0.964,0.966,0.944,11.675529956817627,0.5032432079315186,0.8087158203125,7.749544858932495,7.641528129577637,7.540892839431763,40.56223011016846,0.0020000000000000018,-0.0020000000000000018
Tr400_Ft500_Cp6,9,0.926,0.932,0.928,0.948,0.942,0.932,11.567317008972168,0.3556699752807617,0.6316919326782227,7.019002199172974,7.403834104537964,7.855194330215454,37.042060136795044,0.015999999999999903,0.006000000000000005
Tr400_Ft500_Cp6,10,0.936,0.948,0.958,0.956,0.954,0.96,13.131364822387695,0.4453399181365967,0.6908149719238281,7.988000869750977,7.998492956161499,8.391666889190674,38.80569505691528,0.008000000000000007,0.0020000000000000018
Tr400_Ft500_Cp6,11,0.922,0.94,0.934,0.94,0.95,0.942,11.650738000869751,0.48486781120300293,0.765002965927124,7.832788944244385,7.888582944869995,7.859293222427368,41.84576416015625,0.0,-0.010000000000000009
Tr400_Ft500_Cp6,12,0.91,0.94,0.936,0.956,0.95,0.946,12.98917293548584,0.4350879192352295,0.7864711284637451,7.931558132171631,7.042383670806885,7.329329013824463,39.71106934547424,0.016000000000000014,0.006000000000000005
Tr400_Ft500_Cp6,13,0.928,0.952,0.95,0.966,0.952,0.948,13.006740093231201,0.4816150665283203,0.7604079246520996,7.577913045883179,7.480587005615234,7.897952079772949,40.98702311515808,0.014000000000000012,0.014000000000000012
Tr400_Ft500_Cp6,14,0.9,0.916,0.918,0.93,0.944,0.924,13.32496428489685,0.6025373935699463,0.8986198902130127,8.035449028015137,8.230579853057861,7.73934006690979,39.07072377204895,0.014000000000000012,-0.013999999999999901
Tr400_Ft500_Cp6,15,0.904,0.966,0.962,0.958,0.952,0.956,12.313309907913208,0.41736698150634766,0.6583359241485596,7.53483510017395,7.021018028259277,6.871550798416138,37.9317421913147,-0.008000000000000007,0.006000000000000005
Tr400_Ft500_Cp6,16,0.924,0.958,0.962,0.956,0.962,0.962,13.319197177886963,0.39968419075012207,0.6369080543518066,6.914588928222656,6.842274904251099,6.906414270401001,39.058732986450195,-0.0020000000000000018,-0.006000000000000005
Tr400_Ft500_Cp6,17,0.944,0.956,0.96,0.952,0.968,0.962,11.59930419921875,0.38260889053344727,0.5771429538726807,6.884896993637085,6.835893154144287,6.852458953857422,36.04002094268799,-0.0040000000000000036,-0.016000000000000014
Tr400_Ft500_Cp6,18,0.946,0.954,0.95,0.95,0.956,0.96,11.60198187828064,0.3860926628112793,0.6408119201660156,6.971895933151245,6.88637900352478,6.901409149169922,37.34397792816162,-0.0040000000000000036,-0.006000000000000005
Tr400_Ft500_Cp6,19,0.894,0.938,0.928,0.926,0.922,0.934,10.914997100830078,0.34383678436279297,0.6217949390411377,7.0273120403289795,7.032075881958008,6.955153942108154,36.09816908836365,-0.0119999999999999,0.0040000000000000036
Tr400_Ft500_Cp20,0,0.886,0.912,0.9,0.89,0.908,0.884,11.335731983184814,0.4131741523742676,0.6244461536407471,7.074350118637085,6.867905616760254,6.749057054519653,37.97674584388733,-0.02200000000000002,-0.018000000000000016
Tr400_Ft500_Cp20,1,0.88,0.916,0.912,0.892,0.908,0.88,11.468985080718994,0.35918283462524414,0.588752031326294,6.9832987785339355,6.824994802474976,6.808383226394653,36.69478106498718,-0.02400000000000002,-0.016000000000000014
Tr400_Ft500_Cp20,2,0.836,0.894,0.892,0.892,0.864,0.878,11.154893159866333,0.3591270446777344,0.5765721797943115,6.799803972244263,6.6602559089660645,6.626349210739136,36.433674812316895,-0.0020000000000000018,0.028000000000000025
Tr400_Ft500_Cp20,3,0.87,0.896,0.896,0.898,0.896,0.866,11.527548789978027,0.4236869812011719,0.6531360149383545,6.987936973571777,6.8870627880096436,6.76942777633667,37.95736813545227,0.0020000000000000018,0.0020000000000000018
Tr400_Ft500_Cp20,4,0.864,0.87,0.87,0.882,0.878,0.884,11.06528902053833,0.3516519069671631,0.5568349361419678,6.9522786140441895,6.817975759506226,6.753920078277588,36.575830936431885,0.01200000000000001,0.0040000000000000036
Tr400_Ft500_Cp20,5,0.874,0.914,0.916,0.894,0.888,0.906,12.389347076416016,0.359454870223999,0.6643290519714355,7.05097770690918,6.852261066436768,6.823486328125,39.63931083679199,-0.020000000000000018,0.006000000000000005
Tr400_Ft500_Cp20,6,0.896,0.904,0.902,0.884,0.886,0.888,11.39012098312378,0.38642406463623047,0.6474018096923828,6.917573928833008,6.710007905960083,6.8090739250183105,38.64365482330322,-0.020000000000000018,-0.0020000000000000018
Tr400_Ft500_Cp20,7,0.894,0.89,0.882,0.86,0.856,0.904,11.682039976119995,0.41305112838745117,0.6315228939056396,6.993955135345459,6.897619009017944,6.846639156341553,38.15942096710205,-0.030000000000000027,0.0040000000000000036
Tr400_Ft500_Cp20,8,0.896,0.908,0.888,0.89,0.898,0.886,12.494233846664429,0.40991902351379395,0.6588819026947021,6.981868028640747,6.739182949066162,6.73227596282959,37.573837995529175,-0.018000000000000016,-0.008000000000000007
Tr400_Ft500_Cp20,9,0.848,0.846,0.862,0.878,0.866,0.862,11.488417625427246,0.37946486473083496,0.6416130065917969,6.9504313468933105,6.871128797531128,6.8183958530426025,37.183189868927,0.03200000000000003,0.01200000000000001
Tr400_Ft500_Cp20,10,0.842,0.89,0.886,0.846,0.882,0.894,11.464462757110596,0.38227200508117676,0.5900959968566895,6.92277193069458,6.797882080078125,6.836144924163818,36.12923717498779,-0.04400000000000004,-0.03600000000000003
Tr400_Ft500_Cp20,11,0.896,0.91,0.908,0.914,0.896,0.894,10.590301752090454,0.3811910152435303,0.6168639659881592,6.891838073730469,6.8848350048065186,6.718124151229858,34.74457120895386,0.0040000000000000036,0.018000000000000016
Tr400_Ft500_Cp20,12,0.894,0.918,0.912,0.886,0.888,0.894,10.504169225692749,0.3174781799316406,0.5759599208831787,6.891685962677002,6.8001978397369385,6.748852968215942,34.54576277732849,-0.03200000000000003,-0.0020000000000000018
Tr400_Ft500_Cp20,13,0.89,0.884,0.888,0.872,0.872,0.88,10.866352081298828,0.37528419494628906,0.5859148502349854,7.194704294204712,7.074742078781128,7.039492845535278,37.20547389984131,-0.01200000000000001,0.0
Tr400_Ft500_Cp20,14,0.876,0.912,0.904,0.888,0.898,0.878,10.987476110458374,0.42754411697387695,0.692147970199585,7.401525020599365,7.442174911499023,7.337094783782959,36.642240047454834,-0.02400000000000002,-0.010000000000000009
Tr400_Ft500_Cp20,15,0.866,0.884,0.882,0.856,0.886,0.854,11.984236001968384,0.41504573822021484,0.6982369422912598,7.264270067214966,7.247813940048218,7.209540128707886,37.19715595245361,-0.028000000000000025,-0.030000000000000027
Tr400_Ft500_Cp20,16,0.882,0.88,0.876,0.86,0.872,0.898,12.180191278457642,0.4697859287261963,0.7165961265563965,7.389117240905762,7.365651845932007,7.248663902282715,40.40645480155945,-0.020000000000000018,-0.01200000000000001
Tr400_Ft500_Cp20,17,0.914,0.902,0.914,0.886,0.902,0.86,11.01866888999939,0.4107539653778076,0.6577949523925781,7.399964809417725,7.2994160652160645,7.18175196647644,36.37604212760925,-0.016000000000000014,-0.016000000000000014
Tr400_Ft500_Cp20,18,0.834,0.844,0.846,0.842,0.844,0.828,12.05512809753418,0.44930505752563477,0.6592221260070801,7.237832069396973,7.359271049499512,7.2161548137664795,36.3156259059906,-0.0020000000000000018,-0.0020000000000000018
Tr400_Ft500_Cp20,19,0.872,0.9,0.9,0.902,0.888,0.88,11.233640909194946,0.4311790466308594,0.6729991436004639,7.474391937255859,7.343692779541016,7.1929450035095215,38.55799198150635,0.0020000000000000018,0.014000000000000012
